QID,Question_Group
AR_01,"Question Group 033: Governing autonomous AI agent identity federation, scoped API permissions, credential brokering, and dynamic context-aware access controls."
AR_02,"Question Group 033: Governing autonomous AI agent identity federation, scoped API permissions, credential brokering, and dynamic context-aware access controls."
AR_03,"Question Group 033: Governing autonomous AI agent identity federation, scoped API permissions, credential brokering, and dynamic context-aware access controls."
AR_04,"Question Group 034: Deploying and managing runtime input/output guardrails, semantic intent classifiers, prompt injection defenses, and safe-failure degradation architectures."
AR_05,"Question Group 034: Deploying and managing runtime input/output guardrails, semantic intent classifiers, prompt injection defenses, and safe-failure degradation architectures."
AR_06,"Question Group 033: Governing autonomous AI agent identity federation, scoped API permissions, credential brokering, and dynamic context-aware access controls."
AR_07,"Question Group 033: Governing autonomous AI agent identity federation, scoped API permissions, credential brokering, and dynamic context-aware access controls."
AR_08,"Question Group 033: Governing autonomous AI agent identity federation, scoped API permissions, credential brokering, and dynamic context-aware access controls."
AR_09,"Question Group 033: Governing autonomous AI agent identity federation, scoped API permissions, credential brokering, and dynamic context-aware access controls."
AR_10,"Question Group 035: Executing AI FinOps, configuring granular token-based rate limiting, managing cloud compute cost circuit breakers, and enforcing global utilization quotas."
AR_11,"Question Group 035: Executing AI FinOps, configuring granular token-based rate limiting, managing cloud compute cost circuit breakers, and enforcing global utilization quotas."
AR_12,"Question Group 035: Executing AI FinOps, configuring granular token-based rate limiting, managing cloud compute cost circuit breakers, and enforcing global utilization quotas."
AR_13,"Question Group 036: Automating data ingestion rights verification, cryptographic lineage tracking, schema validation, and enforcing WORM storage for immutable training sets."
AR_14,"Question Group 036: Automating data ingestion rights verification, cryptographic lineage tracking, schema validation, and enforcing WORM storage for immutable training sets."
AR_15,"Question Group 036: Automating data ingestion rights verification, cryptographic lineage tracking, schema validation, and enforcing WORM storage for immutable training sets."
AR_16,"Question Group 036: Automating data ingestion rights verification, cryptographic lineage tracking, schema validation, and enforcing WORM storage for immutable training sets."
AR_17,"Question Group 034: Deploying and managing runtime input/output guardrails, semantic intent classifiers, prompt injection defenses, and safe-failure degradation architectures."
AR_18,"Question Group 034: Deploying and managing runtime input/output guardrails, semantic intent classifiers, prompt injection defenses, and safe-failure degradation architectures."
AR_19,"Question Group 034: Deploying and managing runtime input/output guardrails, semantic intent classifiers, prompt injection defenses, and safe-failure degradation architectures."
AR_20,"Question Group 037: Architecting advanced AI data security, including pre-ingestion PII redaction buffers, Data Loss Prevention (DLP), HYOK encryption, and identity-based decryption."
AR_21,"Question Group 037: Architecting advanced AI data security, including pre-ingestion PII redaction buffers, Data Loss Prevention (DLP), HYOK encryption, and identity-based decryption."
AR_22,"Question Group 006: Quantifying residual AI risk, maintaining dynamic risk dashboards, and formally integrating outcomes into Enterprise Risk Management (ERM) registers and corporate liability insurance."
AR_23,"Question Group 034: Deploying and managing runtime input/output guardrails, semantic intent classifiers, prompt injection defenses, and safe-failure degradation architectures."
AR_24,"Question Group 034: Deploying and managing runtime input/output guardrails, semantic intent classifiers, prompt injection defenses, and safe-failure degradation architectures."
AR_25,"Question Group 034: Deploying and managing runtime input/output guardrails, semantic intent classifiers, prompt injection defenses, and safe-failure degradation architectures."
AR_26,"Question Group 017: Conducting red-teaming, adversarial stress-testing (RAG poisoning, model inversion/privacy attacks), and data poisoning defense."
AR_27,"Question Group 037: Architecting advanced AI data security, including pre-ingestion PII redaction buffers, Data Loss Prevention (DLP), HYOK encryption, and identity-based decryption."
AR_28,"Question Group 034: Deploying and managing runtime input/output guardrails, semantic intent classifiers, prompt injection defenses, and safe-failure degradation architectures."
AR_29,"Question Group 020: Scanning for, restricting, and remediating unauthorized or ""shadow"" AI tools."
AR_30,"Question Group 036: Automating data ingestion rights verification, cryptographic lineage tracking, schema validation, and enforcing WORM storage for immutable training sets."
AR_31,"Question Group 035: Executing AI FinOps, configuring granular token-based rate limiting, managing cloud compute cost circuit breakers, and enforcing global utilization quotas."
AR_32,"Question Group 037: Architecting advanced AI data security, including pre-ingestion PII redaction buffers, Data Loss Prevention (DLP), HYOK encryption, and identity-based decryption."
AR_33,"Question Group 050: Architecting technical privacy controls, including pre-ingestion PII redaction buffers, data minimization, and geofencing."
AR_34,"Question Group 037: Architecting advanced AI data security, including pre-ingestion PII redaction buffers, Data Loss Prevention (DLP), HYOK encryption, and identity-based decryption."
AR_35,"Question Group 036: Automating data ingestion rights verification, cryptographic lineage tracking, schema validation, and enforcing WORM storage for immutable training sets."
AR_36,"Question Group 037: Architecting advanced AI data security, including pre-ingestion PII redaction buffers, Data Loss Prevention (DLP), HYOK encryption, and identity-based decryption."
AR_37,"Question Group 038: Auditing feature engineering pipelines to strictly isolate transformations, prevent data leakage, verify fairness representations, and test embedding reversibility."
AR_38,"Question Group 038: Auditing feature engineering pipelines to strictly isolate transformations, prevent data leakage, verify fairness representations, and test embedding reversibility."
AR_39,"Question Group 038: Auditing feature engineering pipelines to strictly isolate transformations, prevent data leakage, verify fairness representations, and test embedding reversibility."
AR_40,"Question Group 039: Governing AI data catalogs, persistent metadata tagging, automated PII discovery, and human-in-the-loop data stewardship workflows."
AR_41,"Question Group 036: Automating data ingestion rights verification, cryptographic lineage tracking, schema validation, and enforcing WORM storage for immutable training sets."
AR_42,"Question Group 034: Deploying and managing runtime input/output guardrails, semantic intent classifiers, prompt injection defenses, and safe-failure degradation architectures."
AR_43,"Question Group 038: Auditing feature engineering pipelines to strictly isolate transformations, prevent data leakage, verify fairness representations, and test embedding reversibility."
AR_44,"Question Group 036: Automating data ingestion rights verification, cryptographic lineage tracking, schema validation, and enforcing WORM storage for immutable training sets."
AR_45,"Question Group 039: Governing AI data catalogs, persistent metadata tagging, automated PII discovery, and human-in-the-loop data stewardship workflows."
AR_46,"Question Group 039: Governing AI data catalogs, persistent metadata tagging, automated PII discovery, and human-in-the-loop data stewardship workflows."
AR_47,"Question Group 039: Governing AI data catalogs, persistent metadata tagging, automated PII discovery, and human-in-the-loop data stewardship workflows."
AR_48,"Question Group 039: Governing AI data catalogs, persistent metadata tagging, automated PII discovery, and human-in-the-loop data stewardship workflows."
AR_49,"Question Group 039: Governing AI data catalogs, persistent metadata tagging, automated PII discovery, and human-in-the-loop data stewardship workflows."
AR_50,"Question Group 015: Configuring continuous live monitoring for model drift, concept drift, reasoning drift, and automated business-logic anomalies (pricing, margin erosion)."
AR_51,"Question Group 036: Automating data ingestion rights verification, cryptographic lineage tracking, schema validation, and enforcing WORM storage for immutable training sets."
AR_52,"Question Group 051: Auditing enterprise datasets to identify representational bias, prevent data leakage, and mitigate recursive model collapse."
AR_53,"Question Group 039: Governing AI data catalogs, persistent metadata tagging, automated PII discovery, and human-in-the-loop data stewardship workflows."
AR_54,"Question Group 040: Architecting dynamic, Zero Trust Data Access Controls (DAC) that continuously evaluate user intent, behavioral risk levels, and contextual heuristics rather than static roles."
AR_55,"Question Group 038: Auditing feature engineering pipelines to strictly isolate transformations, prevent data leakage, verify fairness representations, and test embedding reversibility."
AR_56,"Question Group 039: Governing AI data catalogs, persistent metadata tagging, automated PII discovery, and human-in-the-loop data stewardship workflows."
AR_57,"Question Group 037: Architecting advanced AI data security, including pre-ingestion PII redaction buffers, Data Loss Prevention (DLP), HYOK encryption, and identity-based decryption."
AR_58,"Question Group 033: Governing autonomous AI agent identity federation, scoped API permissions, credential brokering, and dynamic context-aware access controls."
AR_59,"Question Group 029: Implementing fraud detection, bot mitigation, and cybersecurity controls against external AI threats (deepfakes, synthetic identities)."
AR_60,"Question Group 034: Deploying and managing runtime input/output guardrails, semantic intent classifiers, prompt injection defenses, and safe-failure degradation architectures."
AR_61,"Question Group 033: Governing autonomous AI agent identity federation, scoped API permissions, credential brokering, and dynamic context-aware access controls."
AR_62,"Question Group 028: Hardening AI infrastructure, APIs, Identity and Access Management (IAM), and container orchestrations using Infrastructure-as-Code (IaC), secret management, and zero-day patching."
AR_63,"Question Group 037: Architecting advanced AI data security, including pre-ingestion PII redaction buffers, Data Loss Prevention (DLP), HYOK encryption, and identity-based decryption."
AR_64,"Question Group 015: Configuring continuous live monitoring for model drift, concept drift, reasoning drift, and automated business-logic anomalies (pricing, margin erosion)."
AR_65,"Question Group 036: Automating data ingestion rights verification, cryptographic lineage tracking, schema validation, and enforcing WORM storage for immutable training sets."
AR_66,"Question Group 035: Executing AI FinOps, configuring granular token-based rate limiting, managing cloud compute cost circuit breakers, and enforcing global utilization quotas."
AR_67,"Question Group 015: Configuring continuous live monitoring for model drift, concept drift, reasoning drift, and automated business-logic anomalies (pricing, margin erosion)."
AR_68,"Question Group 026: Architecting, governing, and assessing complex multi-agent architectures, model chaining dependencies, and autonomous systems-of-systems pipelines."
AR_69,"Question Group 007: Architecting secure MLOps pipelines, enforcing automated lifecycle stage-gates, and executing rigorous IT change management and release validation protocols."
AR_70,"Question Group 002: Provisioning and monitoring AI compute infrastructure to enforce SLA latency, ESG sustainability, FinOps limits, and BCDR resilience."
AR_71,"Question Group 041: Hardening physical AI compute hardware, verifying GPU/TPU cryptographic firmware signatures at boot, and mitigating physical side-channel data extraction attacks (e.g., power-gating/GATEBLEED)."
AR_72,"Question Group 031: Executing formal cost-benefit evaluations, financial ROI modeling, and risk-adjusted efficiency analyses prior to material AI procurement or strategic capital investment."
AR_73,"Question Group 002: Provisioning and monitoring AI compute infrastructure to enforce SLA latency, ESG sustainability, FinOps limits, and BCDR resilience."
AR_74,"Question Group 041: Hardening physical AI compute hardware, verifying GPU/TPU cryptographic firmware signatures at boot, and mitigating physical side-channel data extraction attacks (e.g., power-gating/GATEBLEED)."
AR_75,"Question Group 002: Provisioning and monitoring AI compute infrastructure to enforce SLA latency, ESG sustainability, FinOps limits, and BCDR resilience."
AR_76,"Question Group 041: Hardening physical AI compute hardware, verifying GPU/TPU cryptographic firmware signatures at boot, and mitigating physical side-channel data extraction attacks (e.g., power-gating/GATEBLEED)."
AR_77,"Question Group 035: Executing AI FinOps, configuring granular token-based rate limiting, managing cloud compute cost circuit breakers, and enforcing global utilization quotas."
AR_78,"Question Group 002: Provisioning and monitoring AI compute infrastructure to enforce SLA latency, ESG sustainability, FinOps limits, and BCDR resilience."
AR_79,"Question Group 002: Provisioning and monitoring AI compute infrastructure to enforce SLA latency, ESG sustainability, FinOps limits, and BCDR resilience."
AR_80,"Question Group 002: Provisioning and monitoring AI compute infrastructure to enforce SLA latency, ESG sustainability, FinOps limits, and BCDR resilience."
AR_81,"Question Group 002: Provisioning and monitoring AI compute infrastructure to enforce SLA latency, ESG sustainability, FinOps limits, and BCDR resilience."
AR_82,"Question Group 039: Governing AI data catalogs, persistent metadata tagging, automated PII discovery, and human-in-the-loop data stewardship workflows."
AR_83,"Question Group 037: Architecting advanced AI data security, including pre-ingestion PII redaction buffers, Data Loss Prevention (DLP), HYOK encryption, and identity-based decryption."
AR_84,"Question Group 002: Provisioning and monitoring AI compute infrastructure to enforce SLA latency, ESG sustainability, FinOps limits, and BCDR resilience."
AR_85,"Question Group 002: Provisioning and monitoring AI compute infrastructure to enforce SLA latency, ESG sustainability, FinOps limits, and BCDR resilience."
AR_86,"Question Group 028: Hardening AI infrastructure, APIs, Identity and Access Management (IAM), and container orchestrations using Infrastructure-as-Code (IaC), secret management, and zero-day patching."
AR_87,"Question Group 028: Hardening AI infrastructure, APIs, Identity and Access Management (IAM), and container orchestrations using Infrastructure-as-Code (IaC), secret management, and zero-day patching."
AR_88,"Question Group 028: Hardening AI infrastructure, APIs, Identity and Access Management (IAM), and container orchestrations using Infrastructure-as-Code (IaC), secret management, and zero-day patching."
AR_89,"Question Group 002: Provisioning and monitoring AI compute infrastructure to enforce SLA latency, ESG sustainability, FinOps limits, and BCDR resilience."
AR_90,"Question Group 041: Hardening physical AI compute hardware, verifying GPU/TPU cryptographic firmware signatures at boot, and mitigating physical side-channel data extraction attacks (e.g., power-gating/GATEBLEED)."
AR_91,"Question Group 007: Architecting secure MLOps pipelines, enforcing automated lifecycle stage-gates, and executing rigorous IT change management and release validation protocols."
AR_92,"Question Group 033: Governing autonomous AI agent identity federation, scoped API permissions, credential brokering, and dynamic context-aware access controls."
AR_93,"Question Group 008: Governing the master AI system inventory, compliance records, version histories, and regulated record retention."
AR_94,"Question Group 028: Hardening AI infrastructure, APIs, Identity and Access Management (IAM), and container orchestrations using Infrastructure-as-Code (IaC), secret management, and zero-day patching."
AR_95,"Question Group 017: Conducting red-teaming, adversarial stress-testing (RAG poisoning, model inversion/privacy attacks), and data poisoning defense."
AR_96,"Question Group 016: Engineering and validating GenAI prompts, RAG corpora, runtime guardrails, and indirect prompt injection defenses."
AR_97,"Question Group 017: Conducting red-teaming, adversarial stress-testing (RAG poisoning, model inversion/privacy attacks), and data poisoning defense."
AR_98,"Question Group 037: Architecting advanced AI data security, including pre-ingestion PII redaction buffers, Data Loss Prevention (DLP), HYOK encryption, and identity-based decryption."
AR_99,"Question Group 039: Governing AI data catalogs, persistent metadata tagging, automated PII discovery, and human-in-the-loop data stewardship workflows."
AR_100,"Question Group 040: Architecting dynamic, Zero Trust Data Access Controls (DAC) that continuously evaluate user intent, behavioral risk levels, and contextual heuristics rather than static roles."
AR_101,"Question Group 040: Architecting dynamic, Zero Trust Data Access Controls (DAC) that continuously evaluate user intent, behavioral risk levels, and contextual heuristics rather than static roles."
AR_102,"Question Group 016: Engineering and validating GenAI prompts, RAG corpora, runtime guardrails, and indirect prompt injection defenses."
AR_103,"Question Group 034: Deploying and managing runtime input/output guardrails, semantic intent classifiers, prompt injection defenses, and safe-failure degradation architectures."
AR_104,"Question Group 017: Conducting red-teaming, adversarial stress-testing (RAG poisoning, model inversion/privacy attacks), and data poisoning defense."
AR_105,"Question Group 033: Governing autonomous AI agent identity federation, scoped API permissions, credential brokering, and dynamic context-aware access controls."
AR_106,"Question Group 037: Architecting advanced AI data security, including pre-ingestion PII redaction buffers, Data Loss Prevention (DLP), HYOK encryption, and identity-based decryption."
AR_107,"Question Group 040: Architecting dynamic, Zero Trust Data Access Controls (DAC) that continuously evaluate user intent, behavioral risk levels, and contextual heuristics rather than static roles."
AR_108,"Question Group 040: Architecting dynamic, Zero Trust Data Access Controls (DAC) that continuously evaluate user intent, behavioral risk levels, and contextual heuristics rather than static roles."
AR_109,"Question Group 033: Governing autonomous AI agent identity federation, scoped API permissions, credential brokering, and dynamic context-aware access controls."
AR_110,"Question Group 037: Architecting advanced AI data security, including pre-ingestion PII redaction buffers, Data Loss Prevention (DLP), HYOK encryption, and identity-based decryption."
AR_111,"Question Group 035: Executing AI FinOps, configuring granular token-based rate limiting, managing cloud compute cost circuit breakers, and enforcing global utilization quotas."
AR_112,"Question Group 037: Architecting advanced AI data security, including pre-ingestion PII redaction buffers, Data Loss Prevention (DLP), HYOK encryption, and identity-based decryption."
AR_113,"Question Group 036: Automating data ingestion rights verification, cryptographic lineage tracking, schema validation, and enforcing WORM storage for immutable training sets."
AR_114,"Question Group 037: Architecting advanced AI data security, including pre-ingestion PII redaction buffers, Data Loss Prevention (DLP), HYOK encryption, and identity-based decryption."
AR_115,"Question Group 035: Executing AI FinOps, configuring granular token-based rate limiting, managing cloud compute cost circuit breakers, and enforcing global utilization quotas."
AR_116,"Question Group 007: Architecting secure MLOps pipelines, enforcing automated lifecycle stage-gates, and executing rigorous IT change management and release validation protocols."
AR_117,"Question Group 026: Architecting, governing, and assessing complex multi-agent architectures, model chaining dependencies, and autonomous systems-of-systems pipelines."
AR_118,"Question Group 004: Designing technical safeguards, advisory-gating, human override protocols (HOVER), and fail-safe architectures for high-stakes actions (e.g., financial controls, legal drafting)."
AR_119,"Question Group 018: Executing formal end-of-life decommissioning procedures for AI systems, including downstream dependency mapping, secure data disposal, and API endpoint revocation."
AR_120,"Question Group 002: Provisioning and monitoring AI compute infrastructure to enforce SLA latency, ESG sustainability, FinOps limits, and BCDR resilience."
AR_121,"Question Group 042: Governing foundational enterprise cloud architecture, establishing centralized policy frameworks (landing zones), and formalizing resource accountability, risk escalation, and legacy compute lifecycle management."
AR_122,"Question Group 042: Governing foundational enterprise cloud architecture, establishing centralized policy frameworks (landing zones), and formalizing resource accountability, risk escalation, and legacy compute lifecycle management."
AR_123,"Question Group 042: Governing foundational enterprise cloud architecture, establishing centralized policy frameworks (landing zones), and formalizing resource accountability, risk escalation, and legacy compute lifecycle management."
AR_124,"Question Group 001: Governing Third-Party Risk Management (TPRM) for AI vendors, including concentration thresholds, contractual SLAs, sub-processor mapping, and exit strategies."
AR_125,"Question Group 042: Governing foundational enterprise cloud architecture, establishing centralized policy frameworks (landing zones), and formalizing resource accountability, risk escalation, and legacy compute lifecycle management."
AR_126,"Question Group 002: Provisioning and monitoring AI compute infrastructure to enforce SLA latency, ESG sustainability, FinOps limits, and BCDR resilience."
AR_127,"Question Group 028: Hardening AI infrastructure, APIs, Identity and Access Management (IAM), and container orchestrations using Infrastructure-as-Code (IaC), secret management, and zero-day patching."
AR_128,"Question Group 007: Architecting secure MLOps pipelines, enforcing automated lifecycle stage-gates, and executing rigorous IT change management and release validation protocols."
AR_129,"Question Group 002: Provisioning and monitoring AI compute infrastructure to enforce SLA latency, ESG sustainability, FinOps limits, and BCDR resilience."
AR_130,"Question Group 042: Governing foundational enterprise cloud architecture, establishing centralized policy frameworks (landing zones), and formalizing resource accountability, risk escalation, and legacy compute lifecycle management."
AR_131,"Question Group 037: Architecting advanced AI data security, including pre-ingestion PII redaction buffers, Data Loss Prevention (DLP), HYOK encryption, and identity-based decryption."
AR_132,"Question Group 002: Provisioning and monitoring AI compute infrastructure to enforce SLA latency, ESG sustainability, FinOps limits, and BCDR resilience."
AR_133,"Question Group 002: Provisioning and monitoring AI compute infrastructure to enforce SLA latency, ESG sustainability, FinOps limits, and BCDR resilience."
AR_134,"Question Group 039: Governing AI data catalogs, persistent metadata tagging, automated PII discovery, and human-in-the-loop data stewardship workflows."
AR_135,"Question Group 008: Governing the master AI system inventory, compliance records, version histories, and regulated record retention."
AR_136,"Question Group 028: Hardening AI infrastructure, APIs, Identity and Access Management (IAM), and container orchestrations using Infrastructure-as-Code (IaC), secret management, and zero-day patching."
AR_137,"Question Group 043: Executing foundational enterprise network security, traffic management (DDoS), comprehensive visibility (IDS/IPS, flow logging), and securing external/hybrid connectivity (Mutual TLS, VPN, SD-WAN)."
AR_138,"Question Group 043: Executing foundational enterprise network security, traffic management (DDoS), comprehensive visibility (IDS/IPS, flow logging), and securing external/hybrid connectivity (Mutual TLS, VPN, SD-WAN)."
AR_139,"Question Group 043: Executing foundational enterprise network security, traffic management (DDoS), comprehensive visibility (IDS/IPS, flow logging), and securing external/hybrid connectivity (Mutual TLS, VPN, SD-WAN)."
AR_140,"Question Group 043: Executing foundational enterprise network security, traffic management (DDoS), comprehensive visibility (IDS/IPS, flow logging), and securing external/hybrid connectivity (Mutual TLS, VPN, SD-WAN)."
AR_141,"Question Group 044: Governing foundational enterprise Identity and Access Management (IAM), Privileged Access Management (PAM), automated lifecycle provisioning, and phishing-resistant MFA architectures."
AR_142,"Question Group 044: Governing foundational enterprise Identity and Access Management (IAM), Privileged Access Management (PAM), automated lifecycle provisioning, and phishing-resistant MFA architectures."
AR_143,"Question Group 044: Governing foundational enterprise Identity and Access Management (IAM), Privileged Access Management (PAM), automated lifecycle provisioning, and phishing-resistant MFA architectures."
AR_144,"Question Group 044: Governing foundational enterprise Identity and Access Management (IAM), Privileged Access Management (PAM), automated lifecycle provisioning, and phishing-resistant MFA architectures."
AR_145,"Question Group 044: Governing foundational enterprise Identity and Access Management (IAM), Privileged Access Management (PAM), automated lifecycle provisioning, and phishing-resistant MFA architectures."
AR_146,"Question Group 045: Executing foundational IT Operations (ITOps), enterprise incident management (war-rooms), configuration drift governance, and continuous operational maturity programs."
AR_147,"Question Group 045: Executing foundational IT Operations (ITOps), enterprise incident management (war-rooms), configuration drift governance, and continuous operational maturity programs."
AR_148,"Question Group 045: Executing foundational IT Operations (ITOps), enterprise incident management (war-rooms), configuration drift governance, and continuous operational maturity programs."
AR_149,"Question Group 008: Governing the master AI system inventory, compliance records, version histories, and regulated record retention."
AR_150,"Question Group 045: Executing foundational IT Operations (ITOps), enterprise incident management (war-rooms), configuration drift governance, and continuous operational maturity programs."
AR_151,"Question Group 002: Provisioning and monitoring AI compute infrastructure to enforce SLA latency, ESG sustainability, FinOps limits, and BCDR resilience."
AR_152,"Question Group 002: Provisioning and monitoring AI compute infrastructure to enforce SLA latency, ESG sustainability, FinOps limits, and BCDR resilience."
AR_153,"Question Group 002: Provisioning and monitoring AI compute infrastructure to enforce SLA latency, ESG sustainability, FinOps limits, and BCDR resilience."
AR_154,"Question Group 045: Executing foundational IT Operations (ITOps), enterprise incident management (war-rooms), configuration drift governance, and continuous operational maturity programs."
AR_155,"Question Group 043: Executing foundational enterprise network security, traffic management (DDoS), comprehensive visibility (IDS/IPS, flow logging), and securing external/hybrid connectivity (Mutual TLS, VPN, SD-WAN)."
AR_156,"Question Group 035: Executing AI FinOps, configuring granular token-based rate limiting, managing cloud compute cost circuit breakers, and enforcing global utilization quotas."
AR_157,"Question Group 035: Executing AI FinOps, configuring granular token-based rate limiting, managing cloud compute cost circuit breakers, and enforcing global utilization quotas."
AR_158,"Question Group 035: Executing AI FinOps, configuring granular token-based rate limiting, managing cloud compute cost circuit breakers, and enforcing global utilization quotas."
AR_159,"Question Group 035: Executing AI FinOps, configuring granular token-based rate limiting, managing cloud compute cost circuit breakers, and enforcing global utilization quotas."
AR_160,"Question Group 001: Governing Third-Party Risk Management (TPRM) for AI vendors, including concentration thresholds, contractual SLAs, sub-processor mapping, and exit strategies."
AR_161,"Question Group 046: Governing the master Corporate AI Policy, Board-level approval cycles, and cross-functional lifecycle compliance."
AR_162,"Question Group 046: Governing the master Corporate AI Policy, Board-level approval cycles, and cross-functional lifecycle compliance."
AR_163,"Question Group 046: Governing the master Corporate AI Policy, Board-level approval cycles, and cross-functional lifecycle compliance."
AR_164,"Question Group 046: Governing the master Corporate AI Policy, Board-level approval cycles, and cross-functional lifecycle compliance."
AR_165,"Question Group 046: Governing the master Corporate AI Policy, Board-level approval cycles, and cross-functional lifecycle compliance."
AR_166,"Question Group 047: Designing and mandating enterprise-wide AI literacy, policy awareness training, and role-specific competency assessments for internal employees and third-party contractors."
AR_167,"Question Group 003: Structuring the AI organization, governing personnel, RACI documentation, and chartering Board-level oversight."
AR_168,"Question Group 003: Structuring the AI organization, governing personnel, RACI documentation, and chartering Board-level oversight."
AR_169,"Question Group 003: Structuring the AI organization, governing personnel, RACI documentation, and chartering Board-level oversight."
AR_170,"Question Group 004: Designing technical safeguards, advisory-gating, human override protocols (HOVER), and fail-safe architectures for high-stakes actions (e.g., financial controls, legal drafting)."
AR_171,"Question Group 047: Designing and mandating enterprise-wide AI literacy, policy awareness training, and role-specific competency assessments for internal employees and third-party contractors."
AR_172,"Question Group 022: Executing AI software incident playbooks, severity escalations, and mandatory regulatory reporting."
AR_173,"Question Group 003: Structuring the AI organization, governing personnel, RACI documentation, and chartering Board-level oversight."
AR_174,"Question Group 003: Structuring the AI organization, governing personnel, RACI documentation, and chartering Board-level oversight."
AR_175,"Question Group 003: Structuring the AI organization, governing personnel, RACI documentation, and chartering Board-level oversight."
AR_176,"Question Group 003: Structuring the AI organization, governing personnel, RACI documentation, and chartering Board-level oversight."
AR_177,"Question Group 022: Executing AI software incident playbooks, severity escalations, and mandatory regulatory reporting."
AR_178,"Question Group 003: Structuring the AI organization, governing personnel, RACI documentation, and chartering Board-level oversight."
AR_179,"Question Group 008: Governing the master AI system inventory, compliance records, version histories, and regulated record retention."
AR_180,"Question Group 003: Structuring the AI organization, governing personnel, RACI documentation, and chartering Board-level oversight."
AR_181,"Question Group 003: Structuring the AI organization, governing personnel, RACI documentation, and chartering Board-level oversight."
AR_182,"Question Group 003: Structuring the AI organization, governing personnel, RACI documentation, and chartering Board-level oversight."
AR_183,"Question Group 008: Governing the master AI system inventory, compliance records, version histories, and regulated record retention."
AR_184,"Question Group 008: Governing the master AI system inventory, compliance records, version histories, and regulated record retention."
AR_185,"Question Group 008: Governing the master AI system inventory, compliance records, version histories, and regulated record retention."
AR_186,"Question Group 008: Governing the master AI system inventory, compliance records, version histories, and regulated record retention."
AR_187,"Question Group 018: Executing formal end-of-life decommissioning procedures for AI systems, including downstream dependency mapping, secure data disposal, and API endpoint revocation."
AR_188,"Question Group 013: Governing AI training pipelines to ensure cryptographic provenance, validate synthetic data, and manage schema drift."
AR_189,"Question Group 039: Governing AI data catalogs, persistent metadata tagging, automated PII discovery, and human-in-the-loop data stewardship workflows."
AR_190,"Question Group 038: Auditing feature engineering pipelines to strictly isolate transformations, prevent data leakage, verify fairness representations, and test embedding reversibility."
AR_191,"Question Group 039: Governing AI data catalogs, persistent metadata tagging, automated PII discovery, and human-in-the-loop data stewardship workflows."
AR_192,"Question Group 008: Governing the master AI system inventory, compliance records, version histories, and regulated record retention."
AR_193,"Question Group 013: Governing AI training pipelines to ensure cryptographic provenance, validate synthetic data, and manage schema drift."
AR_194,"Question Group 001: Governing Third-Party Risk Management (TPRM) for AI vendors, including concentration thresholds, contractual SLAs, sub-processor mapping, and exit strategies."
AR_195,"Question Group 008: Governing the master AI system inventory, compliance records, version histories, and regulated record retention."
AR_196,"Question Group 008: Governing the master AI system inventory, compliance records, version histories, and regulated record retention."
AR_197,"Question Group 050: Architecting technical privacy controls, including pre-ingestion PII redaction buffers, data minimization, and geofencing."
AR_198,"Question Group 028: Hardening AI infrastructure, APIs, Identity and Access Management (IAM), and container orchestrations using Infrastructure-as-Code (IaC), secret management, and zero-day patching."
AR_199,"Question Group 023: Governing AI intellectual property (IP) rights, including training data licensing, output ownership, open-source code compliance, and maintaining foundation model registries."
AR_200,"Question Group 001: Governing Third-Party Risk Management (TPRM) for AI vendors, including concentration thresholds, contractual SLAs, sub-processor mapping, and exit strategies."
AR_201,"Question Group 002: Provisioning and monitoring AI compute infrastructure to enforce SLA latency, ESG sustainability, FinOps limits, and BCDR resilience."
AR_202,"Question Group 001: Governing Third-Party Risk Management (TPRM) for AI vendors, including concentration thresholds, contractual SLAs, sub-processor mapping, and exit strategies."
AR_203,"Question Group 002: Provisioning and monitoring AI compute infrastructure to enforce SLA latency, ESG sustainability, FinOps limits, and BCDR resilience."
AR_204,"Question Group 002: Provisioning and monitoring AI compute infrastructure to enforce SLA latency, ESG sustainability, FinOps limits, and BCDR resilience."
AR_205,"Question Group 002: Provisioning and monitoring AI compute infrastructure to enforce SLA latency, ESG sustainability, FinOps limits, and BCDR resilience."
AR_206,"Question Group 003: Structuring the AI organization, governing personnel, RACI documentation, and chartering Board-level oversight."
AR_207,"Question Group 003: Structuring the AI organization, governing personnel, RACI documentation, and chartering Board-level oversight."
AR_208,"Question Group 004: Designing technical safeguards, advisory-gating, human override protocols (HOVER), and fail-safe architectures for high-stakes actions (e.g., financial controls, legal drafting)."
AR_209,"Question Group 003: Structuring the AI organization, governing personnel, RACI documentation, and chartering Board-level oversight."
AR_210,"Question Group 003: Structuring the AI organization, governing personnel, RACI documentation, and chartering Board-level oversight."
AR_211,"Question Group 003: Structuring the AI organization, governing personnel, RACI documentation, and chartering Board-level oversight."
AR_212,"Question Group 007: Architecting secure MLOps pipelines, enforcing automated lifecycle stage-gates, and executing rigorous IT change management and release validation protocols."
AR_213,"Question Group 005: Defining formal intended use cases, establishing out-of-scope boundaries, and executing tiered, multidimensional AI Impact Assessments (AIIA) across the lifecycle."
AR_214,"Question Group 005: Defining formal intended use cases, establishing out-of-scope boundaries, and executing tiered, multidimensional AI Impact Assessments (AIIA) across the lifecycle."
AR_215,"Question Group 005: Defining formal intended use cases, establishing out-of-scope boundaries, and executing tiered, multidimensional AI Impact Assessments (AIIA) across the lifecycle."
AR_216,"Question Group 005: Defining formal intended use cases, establishing out-of-scope boundaries, and executing tiered, multidimensional AI Impact Assessments (AIIA) across the lifecycle."
AR_217,"Question Group 005: Defining formal intended use cases, establishing out-of-scope boundaries, and executing tiered, multidimensional AI Impact Assessments (AIIA) across the lifecycle."
AR_218,"Question Group 004: Designing technical safeguards, advisory-gating, human override protocols (HOVER), and fail-safe architectures for high-stakes actions (e.g., financial controls, legal drafting)."
AR_219,"Question Group 006: Quantifying residual AI risk, maintaining dynamic risk dashboards, and formally integrating outcomes into Enterprise Risk Management (ERM) registers and corporate liability insurance."
AR_220,"Question Group 005: Defining formal intended use cases, establishing out-of-scope boundaries, and executing tiered, multidimensional AI Impact Assessments (AIIA) across the lifecycle."
AR_221,"Question Group 006: Quantifying residual AI risk, maintaining dynamic risk dashboards, and formally integrating outcomes into Enterprise Risk Management (ERM) registers and corporate liability insurance."
AR_222,"Question Group 008: Governing the master AI system inventory, compliance records, version histories, and regulated record retention."
AR_223,"Question Group 009: Facilitating direct, qualitative consultation and engagement with external stakeholders, community representatives, and vulnerable groups affected by AI deployments."
AR_224,"Question Group 010: Operating formal incident intake channels and systematically analyzing user feedback, adverse impact reports, and complaints over time to continuously update risk baselines."
AR_225,"Question Group 005: Defining formal intended use cases, establishing out-of-scope boundaries, and executing tiered, multidimensional AI Impact Assessments (AIIA) across the lifecycle."
AR_226,"Question Group 005: Defining formal intended use cases, establishing out-of-scope boundaries, and executing tiered, multidimensional AI Impact Assessments (AIIA) across the lifecycle."
AR_227,"Question Group 005: Defining formal intended use cases, establishing out-of-scope boundaries, and executing tiered, multidimensional AI Impact Assessments (AIIA) across the lifecycle."
AR_228,"Question Group 011: Conducting multi-jurisdictional regulatory horizon scanning, mapping cross-border legal obligations, and determining domain-specific compliance classifications (e.g., Medical Devices)."
AR_229,"Question Group 012: Authoring public-facing transparency notices, UX safeguards, and plain-language model limitations."
AR_230,"Question Group 007: Architecting secure MLOps pipelines, enforcing automated lifecycle stage-gates, and executing rigorous IT change management and release validation protocols."
AR_231,"Question Group 007: Architecting secure MLOps pipelines, enforcing automated lifecycle stage-gates, and executing rigorous IT change management and release validation protocols."
AR_232,"Question Group 007: Architecting secure MLOps pipelines, enforcing automated lifecycle stage-gates, and executing rigorous IT change management and release validation protocols."
AR_233,"Question Group 007: Architecting secure MLOps pipelines, enforcing automated lifecycle stage-gates, and executing rigorous IT change management and release validation protocols."
AR_234,"Question Group 003: Structuring the AI organization, governing personnel, RACI documentation, and chartering Board-level oversight."
AR_235,"Question Group 013: Governing AI training pipelines to ensure cryptographic provenance, validate synthetic data, and manage schema drift."
AR_236,"Question Group 038: Auditing feature engineering pipelines to strictly isolate transformations, prevent data leakage, verify fairness representations, and test embedding reversibility."
AR_237,"Question Group 007: Architecting secure MLOps pipelines, enforcing automated lifecycle stage-gates, and executing rigorous IT change management and release validation protocols."
AR_238,"Question Group 014: Executing structurally independent, cross-functional validation, formal challenge, and pre-deployment stress-testing of AI models."
AR_239,"Question Group 007: Architecting secure MLOps pipelines, enforcing automated lifecycle stage-gates, and executing rigorous IT change management and release validation protocols."
AR_240,"Question Group 015: Configuring continuous live monitoring for model drift, concept drift, reasoning drift, and automated business-logic anomalies (pricing, margin erosion)."
AR_241,"Question Group 015: Configuring continuous live monitoring for model drift, concept drift, reasoning drift, and automated business-logic anomalies (pricing, margin erosion)."
AR_242,"Question Group 004: Designing technical safeguards, advisory-gating, human override protocols (HOVER), and fail-safe architectures for high-stakes actions (e.g., financial controls, legal drafting)."
AR_243,"Question Group 007: Architecting secure MLOps pipelines, enforcing automated lifecycle stage-gates, and executing rigorous IT change management and release validation protocols."
AR_244,"Question Group 005: Defining formal intended use cases, establishing out-of-scope boundaries, and executing tiered, multidimensional AI Impact Assessments (AIIA) across the lifecycle."
AR_245,"Question Group 005: Defining formal intended use cases, establishing out-of-scope boundaries, and executing tiered, multidimensional AI Impact Assessments (AIIA) across the lifecycle."
AR_246,"Question Group 008: Governing the master AI system inventory, compliance records, version histories, and regulated record retention."
AR_247,"Question Group 001: Governing Third-Party Risk Management (TPRM) for AI vendors, including concentration thresholds, contractual SLAs, sub-processor mapping, and exit strategies."
AR_248,"Question Group 001: Governing Third-Party Risk Management (TPRM) for AI vendors, including concentration thresholds, contractual SLAs, sub-processor mapping, and exit strategies."
AR_249,"Question Group 016: Engineering and validating GenAI prompts, RAG corpora, runtime guardrails, and indirect prompt injection defenses."
AR_250,"Question Group 017: Conducting red-teaming, adversarial stress-testing (RAG poisoning, model inversion/privacy attacks), and data poisoning defense."
AR_251,"Question Group 018: Executing formal end-of-life decommissioning procedures for AI systems, including downstream dependency mapping, secure data disposal, and API endpoint revocation."
AR_252,"Question Group 018: Executing formal end-of-life decommissioning procedures for AI systems, including downstream dependency mapping, secure data disposal, and API endpoint revocation."
AR_253,"Question Group 008: Governing the master AI system inventory, compliance records, version histories, and regulated record retention."
AR_254,"Question Group 008: Governing the master AI system inventory, compliance records, version histories, and regulated record retention."
AR_255,"Question Group 013: Governing AI training pipelines to ensure cryptographic provenance, validate synthetic data, and manage schema drift."
AR_256,"Question Group 013: Governing AI training pipelines to ensure cryptographic provenance, validate synthetic data, and manage schema drift."
AR_257,"Question Group 013: Governing AI training pipelines to ensure cryptographic provenance, validate synthetic data, and manage schema drift."
AR_258,"Question Group 013: Governing AI training pipelines to ensure cryptographic provenance, validate synthetic data, and manage schema drift."
AR_259,"Question Group 013: Governing AI training pipelines to ensure cryptographic provenance, validate synthetic data, and manage schema drift."
AR_260,"Question Group 037: Architecting advanced AI data security, including pre-ingestion PII redaction buffers, Data Loss Prevention (DLP), HYOK encryption, and identity-based decryption."
AR_261,"Question Group 017: Conducting red-teaming, adversarial stress-testing (RAG poisoning, model inversion/privacy attacks), and data poisoning defense."
AR_262,"Question Group 013: Governing AI training pipelines to ensure cryptographic provenance, validate synthetic data, and manage schema drift."
AR_263,"Question Group 018: Executing formal end-of-life decommissioning procedures for AI systems, including downstream dependency mapping, secure data disposal, and API endpoint revocation."
AR_264,"Question Group 020: Scanning for, restricting, and remediating unauthorized or ""shadow"" AI tools."
AR_265,"Question Group 015: Configuring continuous live monitoring for model drift, concept drift, reasoning drift, and automated business-logic anomalies (pricing, margin erosion)."
AR_266,"Question Group 007: Architecting secure MLOps pipelines, enforcing automated lifecycle stage-gates, and executing rigorous IT change management and release validation protocols."
AR_267,"Question Group 011: Conducting multi-jurisdictional regulatory horizon scanning, mapping cross-border legal obligations, and determining domain-specific compliance classifications (e.g., Medical Devices)."
AR_268,"Question Group 050: Architecting technical privacy controls, including pre-ingestion PII redaction buffers, data minimization, and geofencing."
AR_269,"Question Group 021: Managing workforce competence, establishing quality assurance standards, and evaluating human/system disagreements for Human-in-the-Loop (HITL) and RLHF annotation operations."
AR_270,"Question Group 013: Governing AI training pipelines to ensure cryptographic provenance, validate synthetic data, and manage schema drift."
AR_271,"Question Group 019: Governing data privacy policies, explicit user consent, and the execution of Data Subject Rights (DSR)."
AR_272,"Question Group 019: Governing data privacy policies, explicit user consent, and the execution of Data Subject Rights (DSR)."
AR_273,"Question Group 008: Governing the master AI system inventory, compliance records, version histories, and regulated record retention."
AR_274,"Question Group 013: Governing AI training pipelines to ensure cryptographic provenance, validate synthetic data, and manage schema drift."
AR_275,"Question Group 016: Engineering and validating GenAI prompts, RAG corpora, runtime guardrails, and indirect prompt injection defenses."
AR_276,"Question Group 012: Authoring public-facing transparency notices, UX safeguards, and plain-language model limitations."
AR_277,"Question Group 004: Designing technical safeguards, advisory-gating, human override protocols (HOVER), and fail-safe architectures for high-stakes actions (e.g., financial controls, legal drafting)."
AR_278,"Question Group 024: Drafting, technically enforcing, and actively auditing internal Acceptable Use Policies (AUP) to prevent misuse or evidence fabrication."
AR_279,"Question Group 023: Governing AI intellectual property (IP) rights, including training data licensing, output ownership, open-source code compliance, and maintaining foundation model registries."
AR_280,"Question Group 011: Conducting multi-jurisdictional regulatory horizon scanning, mapping cross-border legal obligations, and determining domain-specific compliance classifications (e.g., Medical Devices)."
AR_281,"Question Group 001: Governing Third-Party Risk Management (TPRM) for AI vendors, including concentration thresholds, contractual SLAs, sub-processor mapping, and exit strategies."
AR_282,"Question Group 010: Operating formal incident intake channels and systematically analyzing user feedback, adverse impact reports, and complaints over time to continuously update risk baselines."
AR_283,"Question Group 012: Authoring public-facing transparency notices, UX safeguards, and plain-language model limitations."
AR_284,"Question Group 022: Executing AI software incident playbooks, severity escalations, and mandatory regulatory reporting."
AR_285,"Question Group 022: Executing AI software incident playbooks, severity escalations, and mandatory regulatory reporting."
AR_286,"Question Group 012: Authoring public-facing transparency notices, UX safeguards, and plain-language model limitations."
AR_287,"Question Group 012: Authoring public-facing transparency notices, UX safeguards, and plain-language model limitations."
AR_288,"Question Group 012: Authoring public-facing transparency notices, UX safeguards, and plain-language model limitations."
AR_289,"Question Group 012: Authoring public-facing transparency notices, UX safeguards, and plain-language model limitations."
AR_290,"Question Group 012: Authoring public-facing transparency notices, UX safeguards, and plain-language model limitations."
AR_291,"Question Group 010: Operating formal incident intake channels and systematically analyzing user feedback, adverse impact reports, and complaints over time to continuously update risk baselines."
AR_292,"Question Group 022: Executing AI software incident playbooks, severity escalations, and mandatory regulatory reporting."
AR_293,"Question Group 012: Authoring public-facing transparency notices, UX safeguards, and plain-language model limitations."
AR_294,"Question Group 012: Authoring public-facing transparency notices, UX safeguards, and plain-language model limitations."
AR_295,"Question Group 008: Governing the master AI system inventory, compliance records, version histories, and regulated record retention."
AR_296,"Question Group 012: Authoring public-facing transparency notices, UX safeguards, and plain-language model limitations."
AR_297,"Question Group 025: Defining, integrating, and measuring core Responsible AI (RAI) principles, establishing ethical use frameworks, and tracking quantitative indicators across enterprise operations."
AR_298,"Question Group 003: Structuring the AI organization, governing personnel, RACI documentation, and chartering Board-level oversight."
AR_299,"Question Group 024: Drafting, technically enforcing, and actively auditing internal Acceptable Use Policies (AUP) to prevent misuse or evidence fabrication."
AR_300,"Question Group 025: Defining, integrating, and measuring core Responsible AI (RAI) principles, establishing ethical use frameworks, and tracking quantitative indicators across enterprise operations."
AR_301,"Question Group 005: Defining formal intended use cases, establishing out-of-scope boundaries, and executing tiered, multidimensional AI Impact Assessments (AIIA) across the lifecycle."
AR_302,"Question Group 024: Drafting, technically enforcing, and actively auditing internal Acceptable Use Policies (AUP) to prevent misuse or evidence fabrication."
AR_303,"Question Group 001: Governing Third-Party Risk Management (TPRM) for AI vendors, including concentration thresholds, contractual SLAs, sub-processor mapping, and exit strategies."
AR_304,"Question Group 024: Drafting, technically enforcing, and actively auditing internal Acceptable Use Policies (AUP) to prevent misuse or evidence fabrication."
AR_305,"Question Group 004: Designing technical safeguards, advisory-gating, human override protocols (HOVER), and fail-safe architectures for high-stakes actions (e.g., financial controls, legal drafting)."
AR_306,"Question Group 004: Designing technical safeguards, advisory-gating, human override protocols (HOVER), and fail-safe architectures for high-stakes actions (e.g., financial controls, legal drafting)."
AR_307,"Question Group 020: Scanning for, restricting, and remediating unauthorized or ""shadow"" AI tools."
AR_308,"Question Group 026: Architecting, governing, and assessing complex multi-agent architectures, model chaining dependencies, and autonomous systems-of-systems pipelines."
AR_309,"Question Group 003: Structuring the AI organization, governing personnel, RACI documentation, and chartering Board-level oversight."
AR_310,"Question Group 005: Defining formal intended use cases, establishing out-of-scope boundaries, and executing tiered, multidimensional AI Impact Assessments (AIIA) across the lifecycle."
AR_311,"Question Group 024: Drafting, technically enforcing, and actively auditing internal Acceptable Use Policies (AUP) to prevent misuse or evidence fabrication."
AR_312,"Question Group 004: Designing technical safeguards, advisory-gating, human override protocols (HOVER), and fail-safe architectures for high-stakes actions (e.g., financial controls, legal drafting)."
AR_313,"Question Group 025: Defining, integrating, and measuring core Responsible AI (RAI) principles, establishing ethical use frameworks, and tracking quantitative indicators across enterprise operations."
AR_314,"Question Group 024: Drafting, technically enforcing, and actively auditing internal Acceptable Use Policies (AUP) to prevent misuse or evidence fabrication."
AR_315,"Question Group 024: Drafting, technically enforcing, and actively auditing internal Acceptable Use Policies (AUP) to prevent misuse or evidence fabrication."
AR_316,"Question Group 004: Designing technical safeguards, advisory-gating, human override protocols (HOVER), and fail-safe architectures for high-stakes actions (e.g., financial controls, legal drafting)."
AR_317,"Question Group 002: Provisioning and monitoring AI compute infrastructure to enforce SLA latency, ESG sustainability, FinOps limits, and BCDR resilience."
AR_318,"Question Group 051: Auditing enterprise datasets to identify representational bias, prevent data leakage, and mitigate recursive model collapse."
AR_319,"Question Group 015: Configuring continuous live monitoring for model drift, concept drift, reasoning drift, and automated business-logic anomalies (pricing, margin erosion)."
AR_320,"Question Group 051: Auditing enterprise datasets to identify representational bias, prevent data leakage, and mitigate recursive model collapse."
AR_321,"Question Group 027: Governing AI-assisted developer tools (Copilots) to enforce secure coding standards, manage API secrets, and prevent the ingestion of hallucinated or unsafe code libraries."
AR_322,"Question Group 027: Governing AI-assisted developer tools (Copilots) to enforce secure coding standards, manage API secrets, and prevent the ingestion of hallucinated or unsafe code libraries."
AR_323,"Question Group 007: Architecting secure MLOps pipelines, enforcing automated lifecycle stage-gates, and executing rigorous IT change management and release validation protocols."
AR_324,"Question Group 028: Hardening AI infrastructure, APIs, Identity and Access Management (IAM), and container orchestrations using Infrastructure-as-Code (IaC), secret management, and zero-day patching."
AR_325,"Question Group 015: Configuring continuous live monitoring for model drift, concept drift, reasoning drift, and automated business-logic anomalies (pricing, margin erosion)."
AR_326,"Question Group 001: Governing Third-Party Risk Management (TPRM) for AI vendors, including concentration thresholds, contractual SLAs, sub-processor mapping, and exit strategies."
AR_327,"Question Group 029: Implementing fraud detection, bot mitigation, and cybersecurity controls against external AI threats (deepfakes, synthetic identities)."
AR_328,"Question Group 016: Engineering and validating GenAI prompts, RAG corpora, runtime guardrails, and indirect prompt injection defenses."
AR_329,"Question Group 008: Governing the master AI system inventory, compliance records, version histories, and regulated record retention."
AR_330,"Question Group 016: Engineering and validating GenAI prompts, RAG corpora, runtime guardrails, and indirect prompt injection defenses."
AR_331,"Question Group 008: Governing the master AI system inventory, compliance records, version histories, and regulated record retention."
AR_332,"Question Group 015: Configuring continuous live monitoring for model drift, concept drift, reasoning drift, and automated business-logic anomalies (pricing, margin erosion)."
AR_333,"Question Group 003: Structuring the AI organization, governing personnel, RACI documentation, and chartering Board-level oversight."
AR_334,"Question Group 017: Conducting red-teaming, adversarial stress-testing (RAG poisoning, model inversion/privacy attacks), and data poisoning defense."
AR_335,"Question Group 051: Auditing enterprise datasets to identify representational bias, prevent data leakage, and mitigate recursive model collapse."
AR_336,"Question Group 001: Governing Third-Party Risk Management (TPRM) for AI vendors, including concentration thresholds, contractual SLAs, sub-processor mapping, and exit strategies."
AR_337,"Question Group 017: Conducting red-teaming, adversarial stress-testing (RAG poisoning, model inversion/privacy attacks), and data poisoning defense."
AR_338,"Question Group 049: Governing physical and logical system accessibility, including WCAG compliance for AI interfaces and physical kiosks."
AR_339,"Question Group 030: Governing the use of AI for internal workforce management, including employee productivity scoring, workplace monitoring safeguards, proportionality, and appeal mechanisms."
AR_340,"Question Group 012: Authoring public-facing transparency notices, UX safeguards, and plain-language model limitations."
AR_341,"Question Group 024: Drafting, technically enforcing, and actively auditing internal Acceptable Use Policies (AUP) to prevent misuse or evidence fabrication."
AR_342,"Question Group 029: Implementing fraud detection, bot mitigation, and cybersecurity controls against external AI threats (deepfakes, synthetic identities)."
AR_343,"Question Group 015: Configuring continuous live monitoring for model drift, concept drift, reasoning drift, and automated business-logic anomalies (pricing, margin erosion)."
AR_344,"Question Group 029: Implementing fraud detection, bot mitigation, and cybersecurity controls against external AI threats (deepfakes, synthetic identities)."
AR_345,"Question Group 029: Implementing fraud detection, bot mitigation, and cybersecurity controls against external AI threats (deepfakes, synthetic identities)."
AR_346,"Question Group 003: Structuring the AI organization, governing personnel, RACI documentation, and chartering Board-level oversight."
AR_347,"Question Group 031: Executing formal cost-benefit evaluations, financial ROI modeling, and risk-adjusted efficiency analyses prior to material AI procurement or strategic capital investment."
AR_348,"Question Group 032: Designing workforce transition programs, preserving core human skills, and managing retraining for roles augmented or displaced by AI."
AR_349,"Question Group 030: Governing the use of AI for internal workforce management, including employee productivity scoring, workplace monitoring safeguards, proportionality, and appeal mechanisms."
AR_350,"Question Group 004: Designing technical safeguards, advisory-gating, human override protocols (HOVER), and fail-safe architectures for high-stakes actions (e.g., financial controls, legal drafting)."
AR_351,"Question Group 015: Configuring continuous live monitoring for model drift, concept drift, reasoning drift, and automated business-logic anomalies (pricing, margin erosion)."
AR_352,"Question Group 012: Authoring public-facing transparency notices, UX safeguards, and plain-language model limitations."
AR_353,"Question Group 012: Authoring public-facing transparency notices, UX safeguards, and plain-language model limitations."
AR_354,"Question Group 010: Operating formal incident intake channels and systematically analyzing user feedback, adverse impact reports, and complaints over time to continuously update risk baselines."
AR_355,"Question Group 022: Executing AI software incident playbooks, severity escalations, and mandatory regulatory reporting."
AR_356,"Question Group 008: Governing the master AI system inventory, compliance records, version histories, and regulated record retention."
AR_357,"Question Group 023: Governing AI intellectual property (IP) rights, including training data licensing, output ownership, open-source code compliance, and maintaining foundation model registries."
AR_358,"Question Group 023: Governing AI intellectual property (IP) rights, including training data licensing, output ownership, open-source code compliance, and maintaining foundation model registries."
AR_359,"Question Group 050: Architecting technical privacy controls, including pre-ingestion PII redaction buffers, data minimization, and geofencing."
AR_360,"Question Group 023: Governing AI intellectual property (IP) rights, including training data licensing, output ownership, open-source code compliance, and maintaining foundation model registries."
AR_361,"Question Group 011: Conducting multi-jurisdictional regulatory horizon scanning, mapping cross-border legal obligations, and determining domain-specific compliance classifications (e.g., Medical Devices)."
AR_362,"Question Group 008: Governing the master AI system inventory, compliance records, version histories, and regulated record retention."
AR_363,"Question Group 011: Conducting multi-jurisdictional regulatory horizon scanning, mapping cross-border legal obligations, and determining domain-specific compliance classifications (e.g., Medical Devices)."
AR_364,"Question Group 011: Conducting multi-jurisdictional regulatory horizon scanning, mapping cross-border legal obligations, and determining domain-specific compliance classifications (e.g., Medical Devices)."
AR_365,"Question Group 021: Managing workforce competence, establishing quality assurance standards, and evaluating human/system disagreements for Human-in-the-Loop (HITL) and RLHF annotation operations."
AR_366,"Question Group 016: Engineering and validating GenAI prompts, RAG corpora, runtime guardrails, and indirect prompt injection defenses."
AR_367,"Question Group 015: Configuring continuous live monitoring for model drift, concept drift, reasoning drift, and automated business-logic anomalies (pricing, margin erosion)."
AR_368,"Question Group 004: Designing technical safeguards, advisory-gating, human override protocols (HOVER), and fail-safe architectures for high-stakes actions (e.g., financial controls, legal drafting)."
AR_369,"Question Group 015: Configuring continuous live monitoring for model drift, concept drift, reasoning drift, and automated business-logic anomalies (pricing, margin erosion)."
AR_370,"Question Group 051: Auditing enterprise datasets to identify representational bias, prevent data leakage, and mitigate recursive model collapse."
AR_371,"Question Group 027: Governing AI-assisted developer tools (Copilots) to enforce secure coding standards, manage API secrets, and prevent the ingestion of hallucinated or unsafe code libraries."
AR_372,"Question Group 016: Engineering and validating GenAI prompts, RAG corpora, runtime guardrails, and indirect prompt injection defenses."
AR_373,"Question Group 004: Designing technical safeguards, advisory-gating, human override protocols (HOVER), and fail-safe architectures for high-stakes actions (e.g., financial controls, legal drafting)."
AR_374,"Question Group 016: Engineering and validating GenAI prompts, RAG corpora, runtime guardrails, and indirect prompt injection defenses."
AR_375,"Question Group 002: Provisioning and monitoring AI compute infrastructure to enforce SLA latency, ESG sustainability, FinOps limits, and BCDR resilience."
AR_376,"Question Group 015: Configuring continuous live monitoring for model drift, concept drift, reasoning drift, and automated business-logic anomalies (pricing, margin erosion)."
AR_377,"Question Group 028: Hardening AI infrastructure, APIs, Identity and Access Management (IAM), and container orchestrations using Infrastructure-as-Code (IaC), secret management, and zero-day patching."
AR_378,"Question Group 006: Quantifying residual AI risk, maintaining dynamic risk dashboards, and formally integrating outcomes into Enterprise Risk Management (ERM) registers and corporate liability insurance."
AR_379,"Question Group 017: Conducting red-teaming, adversarial stress-testing (RAG poisoning, model inversion/privacy attacks), and data poisoning defense."
AR_380,"Question Group 019: Governing data privacy policies, explicit user consent, and the execution of Data Subject Rights (DSR)."
AR_381,"Question Group 030: Governing the use of AI for internal workforce management, including employee productivity scoring, workplace monitoring safeguards, proportionality, and appeal mechanisms."
AR_382,"Question Group 050: Architecting technical privacy controls, including pre-ingestion PII redaction buffers, data minimization, and geofencing."
AR_383,"Question Group 049: Governing physical and logical system accessibility, including WCAG compliance for AI interfaces and physical kiosks."
AR_384,"Question Group 001: Governing Third-Party Risk Management (TPRM) for AI vendors, including concentration thresholds, contractual SLAs, sub-processor mapping, and exit strategies."
AR_385,"Question Group 015: Configuring continuous live monitoring for model drift, concept drift, reasoning drift, and automated business-logic anomalies (pricing, margin erosion)."
AR_386,"Question Group 015: Configuring continuous live monitoring for model drift, concept drift, reasoning drift, and automated business-logic anomalies (pricing, margin erosion)."
AR_387,"Question Group 001: Governing Third-Party Risk Management (TPRM) for AI vendors, including concentration thresholds, contractual SLAs, sub-processor mapping, and exit strategies."
AR_388,"Question Group 006: Quantifying residual AI risk, maintaining dynamic risk dashboards, and formally integrating outcomes into Enterprise Risk Management (ERM) registers and corporate liability insurance."
AR_389,"Question Group 006: Quantifying residual AI risk, maintaining dynamic risk dashboards, and formally integrating outcomes into Enterprise Risk Management (ERM) registers and corporate liability insurance."
AR_390,"Question Group 016: Engineering and validating GenAI prompts, RAG corpora, runtime guardrails, and indirect prompt injection defenses."
AR_391,"Question Group 008: Governing the master AI system inventory, compliance records, version histories, and regulated record retention."
AR_392,"Question Group 017: Conducting red-teaming, adversarial stress-testing (RAG poisoning, model inversion/privacy attacks), and data poisoning defense."
AR_393,"Question Group 028: Hardening AI infrastructure, APIs, Identity and Access Management (IAM), and container orchestrations using Infrastructure-as-Code (IaC), secret management, and zero-day patching."
AR_394,"Question Group 016: Engineering and validating GenAI prompts, RAG corpora, runtime guardrails, and indirect prompt injection defenses."
AR_395,"Question Group 028: Hardening AI infrastructure, APIs, Identity and Access Management (IAM), and container orchestrations using Infrastructure-as-Code (IaC), secret management, and zero-day patching."
AR_396,"Question Group 041: Hardening physical AI compute hardware, verifying GPU/TPU cryptographic firmware signatures at boot, and mitigating physical side-channel data extraction attacks (e.g., power-gating/GATEBLEED)."
AR_397,"Question Group 028: Hardening AI infrastructure, APIs, Identity and Access Management (IAM), and container orchestrations using Infrastructure-as-Code (IaC), secret management, and zero-day patching."
AR_398,"Question Group 028: Hardening AI infrastructure, APIs, Identity and Access Management (IAM), and container orchestrations using Infrastructure-as-Code (IaC), secret management, and zero-day patching."
AR_399,"Question Group 017: Conducting red-teaming, adversarial stress-testing (RAG poisoning, model inversion/privacy attacks), and data poisoning defense."
AR_400,"Question Group 029: Implementing fraud detection, bot mitigation, and cybersecurity controls against external AI threats (deepfakes, synthetic identities)."
AR_401,"Question Group 024: Drafting, technically enforcing, and actively auditing internal Acceptable Use Policies (AUP) to prevent misuse or evidence fabrication."
AR_402,"Question Group 020: Scanning for, restricting, and remediating unauthorized or ""shadow"" AI tools."
AR_403,"Question Group 003: Structuring the AI organization, governing personnel, RACI documentation, and chartering Board-level oversight."
AR_404,"Question Group 032: Designing workforce transition programs, preserving core human skills, and managing retraining for roles augmented or displaced by AI."
AR_405,"Question Group 004: Designing technical safeguards, advisory-gating, human override protocols (HOVER), and fail-safe architectures for high-stakes actions (e.g., financial controls, legal drafting)."
AR_406,"Question Group 032: Designing workforce transition programs, preserving core human skills, and managing retraining for roles augmented or displaced by AI."
AR_407,"Question Group 001: Governing Third-Party Risk Management (TPRM) for AI vendors, including concentration thresholds, contractual SLAs, sub-processor mapping, and exit strategies."
AR_408,"Question Group 001: Governing Third-Party Risk Management (TPRM) for AI vendors, including concentration thresholds, contractual SLAs, sub-processor mapping, and exit strategies."
AR_409,"Question Group 003: Structuring the AI organization, governing personnel, RACI documentation, and chartering Board-level oversight."
AR_410,"Question Group 024: Drafting, technically enforcing, and actively auditing internal Acceptable Use Policies (AUP) to prevent misuse or evidence fabrication."
AR_411,"Question Group 019: Governing data privacy policies, explicit user consent, and the execution of Data Subject Rights (DSR)."
AR_412,"Question Group 015: Configuring continuous live monitoring for model drift, concept drift, reasoning drift, and automated business-logic anomalies (pricing, margin erosion)."
AR_413,"Question Group 012: Authoring public-facing transparency notices, UX safeguards, and plain-language model limitations."
AR_414,"Question Group 015: Configuring continuous live monitoring for model drift, concept drift, reasoning drift, and automated business-logic anomalies (pricing, margin erosion)."
AR_415,"Question Group 024: Drafting, technically enforcing, and actively auditing internal Acceptable Use Policies (AUP) to prevent misuse or evidence fabrication."
AR_416,"Question Group 030: Governing the use of AI for internal workforce management, including employee productivity scoring, workplace monitoring safeguards, proportionality, and appeal mechanisms."
AR_417,"Question Group 003: Structuring the AI organization, governing personnel, RACI documentation, and chartering Board-level oversight."
AR_418,"Question Group 003: Structuring the AI organization, governing personnel, RACI documentation, and chartering Board-level oversight."
AR_419,"Question Group 003: Structuring the AI organization, governing personnel, RACI documentation, and chartering Board-level oversight."
AR_420,"Question Group 001: Governing Third-Party Risk Management (TPRM) for AI vendors, including concentration thresholds, contractual SLAs, sub-processor mapping, and exit strategies."
AR_421,"Question Group 022: Executing AI software incident playbooks, severity escalations, and mandatory regulatory reporting."
AR_422,"Question Group 048: Governing safety investigations, hardware telemetry, and physical risk mitigation for embodied AI and robotics."
AR_423,"Question Group 001: Governing Third-Party Risk Management (TPRM) for AI vendors, including concentration thresholds, contractual SLAs, sub-processor mapping, and exit strategies."
AR_424,"Question Group 001: Governing Third-Party Risk Management (TPRM) for AI vendors, including concentration thresholds, contractual SLAs, sub-processor mapping, and exit strategies."
AR_425,"Question Group 001: Governing Third-Party Risk Management (TPRM) for AI vendors, including concentration thresholds, contractual SLAs, sub-processor mapping, and exit strategies."
AR_426,"Question Group 001: Governing Third-Party Risk Management (TPRM) for AI vendors, including concentration thresholds, contractual SLAs, sub-processor mapping, and exit strategies."
AR_427,"Question Group 001: Governing Third-Party Risk Management (TPRM) for AI vendors, including concentration thresholds, contractual SLAs, sub-processor mapping, and exit strategies."
AR_428,"Question Group 001: Governing Third-Party Risk Management (TPRM) for AI vendors, including concentration thresholds, contractual SLAs, sub-processor mapping, and exit strategies."
AR_429,"Question Group 001: Governing Third-Party Risk Management (TPRM) for AI vendors, including concentration thresholds, contractual SLAs, sub-processor mapping, and exit strategies."
AR_430,"Question Group 001: Governing Third-Party Risk Management (TPRM) for AI vendors, including concentration thresholds, contractual SLAs, sub-processor mapping, and exit strategies."
AR_431,"Question Group 001: Governing Third-Party Risk Management (TPRM) for AI vendors, including concentration thresholds, contractual SLAs, sub-processor mapping, and exit strategies."
AR_432,"Question Group 001: Governing Third-Party Risk Management (TPRM) for AI vendors, including concentration thresholds, contractual SLAs, sub-processor mapping, and exit strategies."
AR_433,"Question Group 009: Facilitating direct, qualitative consultation and engagement with external stakeholders, community representatives, and vulnerable groups affected by AI deployments."
AR_434,"Question Group 012: Authoring public-facing transparency notices, UX safeguards, and plain-language model limitations."
AR_435,"Question Group 010: Operating formal incident intake channels and systematically analyzing user feedback, adverse impact reports, and complaints over time to continuously update risk baselines."
AR_436,"Question Group 010: Operating formal incident intake channels and systematically analyzing user feedback, adverse impact reports, and complaints over time to continuously update risk baselines."
AR_437,"Question Group 001: Governing Third-Party Risk Management (TPRM) for AI vendors, including concentration thresholds, contractual SLAs, sub-processor mapping, and exit strategies."
AR_438,"Question Group 012: Authoring public-facing transparency notices, UX safeguards, and plain-language model limitations."
AR_439,"Question Group 010: Operating formal incident intake channels and systematically analyzing user feedback, adverse impact reports, and complaints over time to continuously update risk baselines."
AR_440,"Question Group 001: Governing Third-Party Risk Management (TPRM) for AI vendors, including concentration thresholds, contractual SLAs, sub-processor mapping, and exit strategies."
AR_441,"Question Group 001: Governing Third-Party Risk Management (TPRM) for AI vendors, including concentration thresholds, contractual SLAs, sub-processor mapping, and exit strategies."
AR_442,"Question Group 033: Governing autonomous AI agent identity federation, scoped API permissions, credential brokering, and dynamic context-aware access controls."
AR_443,"Question Group 026: Architecting, governing, and assessing complex multi-agent architectures, model chaining dependencies, and autonomous systems-of-systems pipelines."
AR_444,"Question Group 033: Governing autonomous AI agent identity federation, scoped API permissions, credential brokering, and dynamic context-aware access controls."
AR_445,"Question Group 026: Architecting, governing, and assessing complex multi-agent architectures, model chaining dependencies, and autonomous systems-of-systems pipelines."
AR_446,"Question Group 026: Architecting, governing, and assessing complex multi-agent architectures, model chaining dependencies, and autonomous systems-of-systems pipelines."
AR_447,"Question Group 001: Governing Third-Party Risk Management (TPRM) for AI vendors, including concentration thresholds, contractual SLAs, sub-processor mapping, and exit strategies."
AR_448,"Question Group 019: Governing data privacy policies, explicit user consent, and the execution of Data Subject Rights (DSR)."
AR_449,"Question Group 005: Defining formal intended use cases, establishing out-of-scope boundaries, and executing tiered, multidimensional AI Impact Assessments (AIIA) across the lifecycle."
AR_450,"Question Group 026: Architecting, governing, and assessing complex multi-agent architectures, model chaining dependencies, and autonomous systems-of-systems pipelines."
AR_451,"Question Group 001: Governing Third-Party Risk Management (TPRM) for AI vendors, including concentration thresholds, contractual SLAs, sub-processor mapping, and exit strategies."
AR_452,"Question Group 047: Designing and mandating enterprise-wide AI literacy, policy awareness training, and role-specific competency assessments for internal employees and third-party contractors."
AR_453,"Question Group 020: Scanning for, restricting, and remediating unauthorized or ""shadow"" AI tools."
AR_454,"Question Group 033: Governing autonomous AI agent identity federation, scoped API permissions, credential brokering, and dynamic context-aware access controls."
AR_455,"Question Group 037: Architecting advanced AI data security, including pre-ingestion PII redaction buffers, Data Loss Prevention (DLP), HYOK encryption, and identity-based decryption."
AR_456,"Question Group 026: Architecting, governing, and assessing complex multi-agent architectures, model chaining dependencies, and autonomous systems-of-systems pipelines."
AR_457,"Question Group 026: Architecting, governing, and assessing complex multi-agent architectures, model chaining dependencies, and autonomous systems-of-systems pipelines."
AR_458,"Question Group 033: Governing autonomous AI agent identity federation, scoped API permissions, credential brokering, and dynamic context-aware access controls."
AR_459,"Question Group 033: Governing autonomous AI agent identity federation, scoped API permissions, credential brokering, and dynamic context-aware access controls."
AR_460,"Question Group 015: Configuring continuous live monitoring for model drift, concept drift, reasoning drift, and automated business-logic anomalies (pricing, margin erosion)."
AR_461,"Question Group 026: Architecting, governing, and assessing complex multi-agent architectures, model chaining dependencies, and autonomous systems-of-systems pipelines."
AR_462,"Question Group 010: Operating formal incident intake channels and systematically analyzing user feedback, adverse impact reports, and complaints over time to continuously update risk baselines."
AR_463,"Question Group 004: Designing technical safeguards, advisory-gating, human override protocols (HOVER), and fail-safe architectures for high-stakes actions (e.g., financial controls, legal drafting)."
AR_464,"Question Group 004: Designing technical safeguards, advisory-gating, human override protocols (HOVER), and fail-safe architectures for high-stakes actions (e.g., financial controls, legal drafting)."
AR_465,"Question Group 004: Designing technical safeguards, advisory-gating, human override protocols (HOVER), and fail-safe architectures for high-stakes actions (e.g., financial controls, legal drafting)."
AR_466,"Question Group 017: Conducting red-teaming, adversarial stress-testing (RAG poisoning, model inversion/privacy attacks), and data poisoning defense."
AR_467,"Question Group 045: Executing foundational IT Operations (ITOps), enterprise incident management (war-rooms), configuration drift governance, and continuous operational maturity programs."
AR_468,"Question Group 026: Architecting, governing, and assessing complex multi-agent architectures, model chaining dependencies, and autonomous systems-of-systems pipelines."
AR_469,"Question Group 019: Governing data privacy policies, explicit user consent, and the execution of Data Subject Rights (DSR)."
AR_470,"Question Group 019: Governing data privacy policies, explicit user consent, and the execution of Data Subject Rights (DSR)."
AR_471,"Question Group 001: Governing Third-Party Risk Management (TPRM) for AI vendors, including concentration thresholds, contractual SLAs, sub-processor mapping, and exit strategies."
AR_472,"Question Group 004: Designing technical safeguards, advisory-gating, human override protocols (HOVER), and fail-safe architectures for high-stakes actions (e.g., financial controls, legal drafting)."
AR_473,"Question Group 026: Architecting, governing, and assessing complex multi-agent architectures, model chaining dependencies, and autonomous systems-of-systems pipelines."
AR_474,"Question Group 028: Hardening AI infrastructure, APIs, Identity and Access Management (IAM), and container orchestrations using Infrastructure-as-Code (IaC), secret management, and zero-day patching."
AR_475,"Question Group 010: Operating formal incident intake channels and systematically analyzing user feedback, adverse impact reports, and complaints over time to continuously update risk baselines."
AR_476,"Question Group 024: Drafting, technically enforcing, and actively auditing internal Acceptable Use Policies (AUP) to prevent misuse or evidence fabrication."
AR_477,"Question Group 021: Managing workforce competence, establishing quality assurance standards, and evaluating human/system disagreements for Human-in-the-Loop (HITL) and RLHF annotation operations."
AR_478,"Question Group 004: Designing technical safeguards, advisory-gating, human override protocols (HOVER), and fail-safe architectures for high-stakes actions (e.g., financial controls, legal drafting)."
AR_479,"Question Group 028: Hardening AI infrastructure, APIs, Identity and Access Management (IAM), and container orchestrations using Infrastructure-as-Code (IaC), secret management, and zero-day patching."
AR_480,"Question Group 016: Engineering and validating GenAI prompts, RAG corpora, runtime guardrails, and indirect prompt injection defenses."
AR_481,"Question Group 008: Governing the master AI system inventory, compliance records, version histories, and regulated record retention."
AR_482,"Question Group 001: Governing Third-Party Risk Management (TPRM) for AI vendors, including concentration thresholds, contractual SLAs, sub-processor mapping, and exit strategies."
AR_1001,"Question Group 034: Deploying and managing runtime input/output guardrails, semantic intent classifiers, prompt injection defenses, and safe-failure degradation architectures."
AR_1002,"Question Group 033: Governing autonomous AI agent identity federation, scoped API permissions, credential brokering, and dynamic context-aware access controls."
AR_1003,"Question Group 033: Governing autonomous AI agent identity federation, scoped API permissions, credential brokering, and dynamic context-aware access controls."
AR_1004,"Question Group 034: Deploying and managing runtime input/output guardrails, semantic intent classifiers, prompt injection defenses, and safe-failure degradation architectures."
AR_1010,"Question Group 035: Executing AI FinOps, configuring granular token-based rate limiting, managing cloud compute cost circuit breakers, and enforcing global utilization quotas."
AR_1011,"Question Group 035: Executing AI FinOps, configuring granular token-based rate limiting, managing cloud compute cost circuit breakers, and enforcing global utilization quotas."
AR_1012,"Question Group 035: Executing AI FinOps, configuring granular token-based rate limiting, managing cloud compute cost circuit breakers, and enforcing global utilization quotas."
AR_1013,"Question Group 036: Automating data ingestion rights verification, cryptographic lineage tracking, schema validation, and enforcing WORM storage for immutable training sets."
AR_1014,"Question Group 036: Automating data ingestion rights verification, cryptographic lineage tracking, schema validation, and enforcing WORM storage for immutable training sets."
AR_1015,"Question Group 036: Automating data ingestion rights verification, cryptographic lineage tracking, schema validation, and enforcing WORM storage for immutable training sets."
AR_1016,"Question Group 036: Automating data ingestion rights verification, cryptographic lineage tracking, schema validation, and enforcing WORM storage for immutable training sets."
AR_1017,"Question Group 034: Deploying and managing runtime input/output guardrails, semantic intent classifiers, prompt injection defenses, and safe-failure degradation architectures."
AR_1019,"Question Group 034: Deploying and managing runtime input/output guardrails, semantic intent classifiers, prompt injection defenses, and safe-failure degradation architectures."
AR_1020,"Question Group 037: Architecting advanced AI data security, including pre-ingestion PII redaction buffers, Data Loss Prevention (DLP), HYOK encryption, and identity-based decryption."
AR_1021,"Question Group 037: Architecting advanced AI data security, including pre-ingestion PII redaction buffers, Data Loss Prevention (DLP), HYOK encryption, and identity-based decryption."
AR_1023,"Question Group 034: Deploying and managing runtime input/output guardrails, semantic intent classifiers, prompt injection defenses, and safe-failure degradation architectures."
AR_1024,"Question Group 034: Deploying and managing runtime input/output guardrails, semantic intent classifiers, prompt injection defenses, and safe-failure degradation architectures."
AR_1026,"Question Group 034: Deploying and managing runtime input/output guardrails, semantic intent classifiers, prompt injection defenses, and safe-failure degradation architectures."
AR_1027,"Question Group 017: Conducting red-teaming, adversarial stress-testing (RAG poisoning, model inversion/privacy attacks), and data poisoning defense."
AR_1028,"Question Group 037: Architecting advanced AI data security, including pre-ingestion PII redaction buffers, Data Loss Prevention (DLP), HYOK encryption, and identity-based decryption."
AR_1029,"Question Group 034: Deploying and managing runtime input/output guardrails, semantic intent classifiers, prompt injection defenses, and safe-failure degradation architectures."
AR_1030,"Question Group 020: Scanning for, restricting, and remediating unauthorized or ""shadow"" AI tools."
AR_1031,"Question Group 036: Automating data ingestion rights verification, cryptographic lineage tracking, schema validation, and enforcing WORM storage for immutable training sets."
AR_1032,"Question Group 035: Executing AI FinOps, configuring granular token-based rate limiting, managing cloud compute cost circuit breakers, and enforcing global utilization quotas."
AR_1034,"Question Group 037: Architecting advanced AI data security, including pre-ingestion PII redaction buffers, Data Loss Prevention (DLP), HYOK encryption, and identity-based decryption."
AR_1035,"Question Group 036: Automating data ingestion rights verification, cryptographic lineage tracking, schema validation, and enforcing WORM storage for immutable training sets."
AR_1036,"Question Group 037: Architecting advanced AI data security, including pre-ingestion PII redaction buffers, Data Loss Prevention (DLP), HYOK encryption, and identity-based decryption."
AR_1037,"Question Group 038: Auditing feature engineering pipelines to strictly isolate transformations, prevent data leakage, verify fairness representations, and test embedding reversibility."
AR_1038,"Question Group 038: Auditing feature engineering pipelines to strictly isolate transformations, prevent data leakage, verify fairness representations, and test embedding reversibility."
AR_1040,"Question Group 039: Governing AI data catalogs, persistent metadata tagging, automated PII discovery, and human-in-the-loop data stewardship workflows."
AR_1041,"Question Group 036: Automating data ingestion rights verification, cryptographic lineage tracking, schema validation, and enforcing WORM storage for immutable training sets."
AR_1043,"Question Group 038: Auditing feature engineering pipelines to strictly isolate transformations, prevent data leakage, verify fairness representations, and test embedding reversibility."
AR_1044,"Question Group 036: Automating data ingestion rights verification, cryptographic lineage tracking, schema validation, and enforcing WORM storage for immutable training sets."
AR_1045,"Question Group 039: Governing AI data catalogs, persistent metadata tagging, automated PII discovery, and human-in-the-loop data stewardship workflows."
AR_1046,"Question Group 039: Governing AI data catalogs, persistent metadata tagging, automated PII discovery, and human-in-the-loop data stewardship workflows."
AR_1047,"Question Group 039: Governing AI data catalogs, persistent metadata tagging, automated PII discovery, and human-in-the-loop data stewardship workflows."
AR_1048,"Question Group 039: Governing AI data catalogs, persistent metadata tagging, automated PII discovery, and human-in-the-loop data stewardship workflows."
AR_1049,"Question Group 039: Governing AI data catalogs, persistent metadata tagging, automated PII discovery, and human-in-the-loop data stewardship workflows."
AR_1050,"Question Group 015: Configuring continuous live monitoring for model drift, concept drift, reasoning drift, and automated business-logic anomalies (pricing, margin erosion)."
AR_1051,"Question Group 036: Automating data ingestion rights verification, cryptographic lineage tracking, schema validation, and enforcing WORM storage for immutable training sets."
AR_1053,"Question Group 039: Governing AI data catalogs, persistent metadata tagging, automated PII discovery, and human-in-the-loop data stewardship workflows."
AR_1054,"Question Group 040: Architecting dynamic, Zero Trust Data Access Controls (DAC) that continuously evaluate user intent, behavioral risk levels, and contextual heuristics rather than static roles."
AR_1055,"Question Group 038: Auditing feature engineering pipelines to strictly isolate transformations, prevent data leakage, verify fairness representations, and test embedding reversibility."
AR_1056,"Question Group 039: Governing AI data catalogs, persistent metadata tagging, automated PII discovery, and human-in-the-loop data stewardship workflows."
AR_1057,"Question Group 037: Architecting advanced AI data security, including pre-ingestion PII redaction buffers, Data Loss Prevention (DLP), HYOK encryption, and identity-based decryption."
AR_1058,"Question Group 033: Governing autonomous AI agent identity federation, scoped API permissions, credential brokering, and dynamic context-aware access controls."
AR_1059,"Question Group 029: Implementing fraud detection, bot mitigation, and cybersecurity controls against external AI threats (deepfakes, synthetic identities)."
AR_1060,"Question Group 034: Deploying and managing runtime input/output guardrails, semantic intent classifiers, prompt injection defenses, and safe-failure degradation architectures."
AR_1061,"Question Group 033: Governing autonomous AI agent identity federation, scoped API permissions, credential brokering, and dynamic context-aware access controls."
AR_1062,"Question Group 028: Hardening AI infrastructure, APIs, Identity and Access Management (IAM), and container orchestrations using Infrastructure-as-Code (IaC), secret management, and zero-day patching."
AR_1063,"Question Group 037: Architecting advanced AI data security, including pre-ingestion PII redaction buffers, Data Loss Prevention (DLP), HYOK encryption, and identity-based decryption."
AR_1064,"Question Group 015: Configuring continuous live monitoring for model drift, concept drift, reasoning drift, and automated business-logic anomalies (pricing, margin erosion)."
AR_1065,"Question Group 036: Automating data ingestion rights verification, cryptographic lineage tracking, schema validation, and enforcing WORM storage for immutable training sets."
AR_1066,"Question Group 035: Executing AI FinOps, configuring granular token-based rate limiting, managing cloud compute cost circuit breakers, and enforcing global utilization quotas."
AR_1067,"Question Group 015: Configuring continuous live monitoring for model drift, concept drift, reasoning drift, and automated business-logic anomalies (pricing, margin erosion)."
AR_1068,"Question Group 026: Architecting, governing, and assessing complex multi-agent architectures, model chaining dependencies, and autonomous systems-of-systems pipelines."
AR_1077,"Question Group 035: Executing AI FinOps, configuring granular token-based rate limiting, managing cloud compute cost circuit breakers, and enforcing global utilization quotas."
AR_1082,"Question Group 039: Governing AI data catalogs, persistent metadata tagging, automated PII discovery, and human-in-the-loop data stewardship workflows."
AR_1083,"Question Group 037: Architecting advanced AI data security, including pre-ingestion PII redaction buffers, Data Loss Prevention (DLP), HYOK encryption, and identity-based decryption."
AR_1087,"Question Group 028: Hardening AI infrastructure, APIs, Identity and Access Management (IAM), and container orchestrations using Infrastructure-as-Code (IaC), secret management, and zero-day patching."
AR_1088,"Question Group 028: Hardening AI infrastructure, APIs, Identity and Access Management (IAM), and container orchestrations using Infrastructure-as-Code (IaC), secret management, and zero-day patching."
AR_1092,"Question Group 033: Governing autonomous AI agent identity federation, scoped API permissions, credential brokering, and dynamic context-aware access controls."
AR_1093,"Question Group 008: Governing the master AI system inventory, compliance records, version histories, and regulated record retention."
AR_1094,"Question Group 028: Hardening AI infrastructure, APIs, Identity and Access Management (IAM), and container orchestrations using Infrastructure-as-Code (IaC), secret management, and zero-day patching."
AR_1095,"Question Group 017: Conducting red-teaming, adversarial stress-testing (RAG poisoning, model inversion/privacy attacks), and data poisoning defense."
AR_1096,"Question Group 016: Engineering and validating GenAI prompts, RAG corpora, runtime guardrails, and indirect prompt injection defenses."
AR_1097,"Question Group 017: Conducting red-teaming, adversarial stress-testing (RAG poisoning, model inversion/privacy attacks), and data poisoning defense."
AR_1098,"Question Group 037: Architecting advanced AI data security, including pre-ingestion PII redaction buffers, Data Loss Prevention (DLP), HYOK encryption, and identity-based decryption."
AR_1099,"Question Group 039: Governing AI data catalogs, persistent metadata tagging, automated PII discovery, and human-in-the-loop data stewardship workflows."
AR_1100,"Question Group 040: Architecting dynamic, Zero Trust Data Access Controls (DAC) that continuously evaluate user intent, behavioral risk levels, and contextual heuristics rather than static roles."
AR_1101,"Question Group 040: Architecting dynamic, Zero Trust Data Access Controls (DAC) that continuously evaluate user intent, behavioral risk levels, and contextual heuristics rather than static roles."
AR_1102,"Question Group 016: Engineering and validating GenAI prompts, RAG corpora, runtime guardrails, and indirect prompt injection defenses."
AR_1103,"Question Group 034: Deploying and managing runtime input/output guardrails, semantic intent classifiers, prompt injection defenses, and safe-failure degradation architectures."
AR_1104,"Question Group 017: Conducting red-teaming, adversarial stress-testing (RAG poisoning, model inversion/privacy attacks), and data poisoning defense."
AR_1105,"Question Group 033: Governing autonomous AI agent identity federation, scoped API permissions, credential brokering, and dynamic context-aware access controls."
AR_1106,"Question Group 037: Architecting advanced AI data security, including pre-ingestion PII redaction buffers, Data Loss Prevention (DLP), HYOK encryption, and identity-based decryption."
AR_1107,"Question Group 040: Architecting dynamic, Zero Trust Data Access Controls (DAC) that continuously evaluate user intent, behavioral risk levels, and contextual heuristics rather than static roles."
AR_1108,"Question Group 040: Architecting dynamic, Zero Trust Data Access Controls (DAC) that continuously evaluate user intent, behavioral risk levels, and contextual heuristics rather than static roles."
AR_1110,"Question Group 037: Architecting advanced AI data security, including pre-ingestion PII redaction buffers, Data Loss Prevention (DLP), HYOK encryption, and identity-based decryption."
AR_1111,"Question Group 035: Executing AI FinOps, configuring granular token-based rate limiting, managing cloud compute cost circuit breakers, and enforcing global utilization quotas."
AR_1112,"Question Group 037: Architecting advanced AI data security, including pre-ingestion PII redaction buffers, Data Loss Prevention (DLP), HYOK encryption, and identity-based decryption."
AR_1113,"Question Group 036: Automating data ingestion rights verification, cryptographic lineage tracking, schema validation, and enforcing WORM storage for immutable training sets."
AR_1114,"Question Group 037: Architecting advanced AI data security, including pre-ingestion PII redaction buffers, Data Loss Prevention (DLP), HYOK encryption, and identity-based decryption."
AR_1115,"Question Group 035: Executing AI FinOps, configuring granular token-based rate limiting, managing cloud compute cost circuit breakers, and enforcing global utilization quotas."
AR_1117,"Question Group 026: Architecting, governing, and assessing complex multi-agent architectures, model chaining dependencies, and autonomous systems-of-systems pipelines."
AR_1120,"Question Group 002: Provisioning and monitoring AI compute infrastructure to enforce SLA latency, ESG sustainability, FinOps limits, and BCDR resilience."
AR_1121,"Question Group 042: Governing foundational enterprise cloud architecture, establishing centralized policy frameworks (landing zones), and formalizing resource accountability, risk escalation, and legacy compute lifecycle management."
AR_1122,"Question Group 042: Governing foundational enterprise cloud architecture, establishing centralized policy frameworks (landing zones), and formalizing resource accountability, risk escalation, and legacy compute lifecycle management."
AR_1124,"Question Group 001: Governing Third-Party Risk Management (TPRM) for AI vendors, including concentration thresholds, contractual SLAs, sub-processor mapping, and exit strategies."
AR_1125,"Question Group 042: Governing foundational enterprise cloud architecture, establishing centralized policy frameworks (landing zones), and formalizing resource accountability, risk escalation, and legacy compute lifecycle management."
AR_1126,"Question Group 002: Provisioning and monitoring AI compute infrastructure to enforce SLA latency, ESG sustainability, FinOps limits, and BCDR resilience."
AR_1127,"Question Group 028: Hardening AI infrastructure, APIs, Identity and Access Management (IAM), and container orchestrations using Infrastructure-as-Code (IaC), secret management, and zero-day patching."
AR_1128,"Question Group 007: Architecting secure MLOps pipelines, enforcing automated lifecycle stage-gates, and executing rigorous IT change management and release validation protocols."
AR_1129,"Question Group 002: Provisioning and monitoring AI compute infrastructure to enforce SLA latency, ESG sustainability, FinOps limits, and BCDR resilience."
AR_1130,"Question Group 042: Governing foundational enterprise cloud architecture, establishing centralized policy frameworks (landing zones), and formalizing resource accountability, risk escalation, and legacy compute lifecycle management."
AR_1131,"Question Group 037: Architecting advanced AI data security, including pre-ingestion PII redaction buffers, Data Loss Prevention (DLP), HYOK encryption, and identity-based decryption."
AR_1132,"Question Group 002: Provisioning and monitoring AI compute infrastructure to enforce SLA latency, ESG sustainability, FinOps limits, and BCDR resilience."
AR_1133,"Question Group 002: Provisioning and monitoring AI compute infrastructure to enforce SLA latency, ESG sustainability, FinOps limits, and BCDR resilience."
AR_1134,"Question Group 039: Governing AI data catalogs, persistent metadata tagging, automated PII discovery, and human-in-the-loop data stewardship workflows."
AR_1135,"Question Group 008: Governing the master AI system inventory, compliance records, version histories, and regulated record retention."
AR_1136,"Question Group 028: Hardening AI infrastructure, APIs, Identity and Access Management (IAM), and container orchestrations using Infrastructure-as-Code (IaC), secret management, and zero-day patching."
AR_1137,"Question Group 043: Executing foundational enterprise network security, traffic management (DDoS), comprehensive visibility (IDS/IPS, flow logging), and securing external/hybrid connectivity (Mutual TLS, VPN, SD-WAN)."
AR_1138,"Question Group 043: Executing foundational enterprise network security, traffic management (DDoS), comprehensive visibility (IDS/IPS, flow logging), and securing external/hybrid connectivity (Mutual TLS, VPN, SD-WAN)."
AR_1139,"Question Group 043: Executing foundational enterprise network security, traffic management (DDoS), comprehensive visibility (IDS/IPS, flow logging), and securing external/hybrid connectivity (Mutual TLS, VPN, SD-WAN)."
AR_1140,"Question Group 043: Executing foundational enterprise network security, traffic management (DDoS), comprehensive visibility (IDS/IPS, flow logging), and securing external/hybrid connectivity (Mutual TLS, VPN, SD-WAN)."
AR_1141,"Question Group 044: Governing foundational enterprise Identity and Access Management (IAM), Privileged Access Management (PAM), automated lifecycle provisioning, and phishing-resistant MFA architectures."
AR_1142,"Question Group 044: Governing foundational enterprise Identity and Access Management (IAM), Privileged Access Management (PAM), automated lifecycle provisioning, and phishing-resistant MFA architectures."
AR_1143,"Question Group 044: Governing foundational enterprise Identity and Access Management (IAM), Privileged Access Management (PAM), automated lifecycle provisioning, and phishing-resistant MFA architectures."
AR_1144,"Question Group 044: Governing foundational enterprise Identity and Access Management (IAM), Privileged Access Management (PAM), automated lifecycle provisioning, and phishing-resistant MFA architectures."
AR_1145,"Question Group 044: Governing foundational enterprise Identity and Access Management (IAM), Privileged Access Management (PAM), automated lifecycle provisioning, and phishing-resistant MFA architectures."
AR_1146,"Question Group 045: Executing foundational IT Operations (ITOps), enterprise incident management (war-rooms), configuration drift governance, and continuous operational maturity programs."
AR_1147,"Question Group 045: Executing foundational IT Operations (ITOps), enterprise incident management (war-rooms), configuration drift governance, and continuous operational maturity programs."
AR_1149,"Question Group 008: Governing the master AI system inventory, compliance records, version histories, and regulated record retention."
AR_1150,"Question Group 045: Executing foundational IT Operations (ITOps), enterprise incident management (war-rooms), configuration drift governance, and continuous operational maturity programs."
AR_1151,"Question Group 002: Provisioning and monitoring AI compute infrastructure to enforce SLA latency, ESG sustainability, FinOps limits, and BCDR resilience."
AR_1152,"Question Group 002: Provisioning and monitoring AI compute infrastructure to enforce SLA latency, ESG sustainability, FinOps limits, and BCDR resilience."
AR_1153,"Question Group 002: Provisioning and monitoring AI compute infrastructure to enforce SLA latency, ESG sustainability, FinOps limits, and BCDR resilience."
AR_1154,"Question Group 045: Executing foundational IT Operations (ITOps), enterprise incident management (war-rooms), configuration drift governance, and continuous operational maturity programs."
AR_1155,"Question Group 043: Executing foundational enterprise network security, traffic management (DDoS), comprehensive visibility (IDS/IPS, flow logging), and securing external/hybrid connectivity (Mutual TLS, VPN, SD-WAN)."
AR_1156,"Question Group 035: Executing AI FinOps, configuring granular token-based rate limiting, managing cloud compute cost circuit breakers, and enforcing global utilization quotas."
AR_1157,"Question Group 035: Executing AI FinOps, configuring granular token-based rate limiting, managing cloud compute cost circuit breakers, and enforcing global utilization quotas."
AR_1158,"Question Group 035: Executing AI FinOps, configuring granular token-based rate limiting, managing cloud compute cost circuit breakers, and enforcing global utilization quotas."
AR_1159,"Question Group 035: Executing AI FinOps, configuring granular token-based rate limiting, managing cloud compute cost circuit breakers, and enforcing global utilization quotas."
AR_1166,"Question Group 047: Designing and mandating enterprise-wide AI literacy, policy awareness training, and role-specific competency assessments for internal employees and third-party contractors."
AR_1167,"Question Group 003: Structuring the AI organization, governing personnel, RACI documentation, and chartering Board-level oversight."
AR_1172,"Question Group 022: Executing AI software incident playbooks, severity escalations, and mandatory regulatory reporting."
AR_1177,"Question Group 022: Executing AI software incident playbooks, severity escalations, and mandatory regulatory reporting."
AR_1178,"Question Group 003: Structuring the AI organization, governing personnel, RACI documentation, and chartering Board-level oversight."
AR_1180,"Question Group 003: Structuring the AI organization, governing personnel, RACI documentation, and chartering Board-level oversight."
AR_1181,"Question Group 003: Structuring the AI organization, governing personnel, RACI documentation, and chartering Board-level oversight."
AR_1182,"Question Group 003: Structuring the AI organization, governing personnel, RACI documentation, and chartering Board-level oversight."
AR_1184,"Question Group 008: Governing the master AI system inventory, compliance records, version histories, and regulated record retention."
AR_1187,"Question Group 018: Executing formal end-of-life decommissioning procedures for AI systems, including downstream dependency mapping, secure data disposal, and API endpoint revocation."
AR_1188,"Question Group 013: Governing AI training pipelines to ensure cryptographic provenance, validate synthetic data, and manage schema drift."
AR_1189,"Question Group 039: Governing AI data catalogs, persistent metadata tagging, automated PII discovery, and human-in-the-loop data stewardship workflows."
AR_1190,"Question Group 038: Auditing feature engineering pipelines to strictly isolate transformations, prevent data leakage, verify fairness representations, and test embedding reversibility."
AR_1191,"Question Group 039: Governing AI data catalogs, persistent metadata tagging, automated PII discovery, and human-in-the-loop data stewardship workflows."
AR_1192,"Question Group 008: Governing the master AI system inventory, compliance records, version histories, and regulated record retention."
AR_1193,"Question Group 013: Governing AI training pipelines to ensure cryptographic provenance, validate synthetic data, and manage schema drift."
AR_1195,"Question Group 008: Governing the master AI system inventory, compliance records, version histories, and regulated record retention."
AR_1198,"Question Group 023: Governing AI intellectual property (IP) rights, including training data licensing, output ownership, open-source code compliance, and maintaining foundation model registries."
AR_1199,"Question Group 001: Governing Third-Party Risk Management (TPRM) for AI vendors, including concentration thresholds, contractual SLAs, sub-processor mapping, and exit strategies."
AR_1214,"Question Group 005: Defining formal intended use cases, establishing out-of-scope boundaries, and executing tiered, multidimensional AI Impact Assessments (AIIA) across the lifecycle."
AR_1216,"Question Group 005: Defining formal intended use cases, establishing out-of-scope boundaries, and executing tiered, multidimensional AI Impact Assessments (AIIA) across the lifecycle."
AR_1226,"Question Group 005: Defining formal intended use cases, establishing out-of-scope boundaries, and executing tiered, multidimensional AI Impact Assessments (AIIA) across the lifecycle."
AR_1228,"Question Group 011: Conducting multi-jurisdictional regulatory horizon scanning, mapping cross-border legal obligations, and determining domain-specific compliance classifications (e.g., Medical Devices)."
AR_1229,"Question Group 012: Authoring public-facing transparency notices, UX safeguards, and plain-language model limitations."
AR_1235,"Question Group 013: Governing AI training pipelines to ensure cryptographic provenance, validate synthetic data, and manage schema drift."
AR_1236,"Question Group 038: Auditing feature engineering pipelines to strictly isolate transformations, prevent data leakage, verify fairness representations, and test embedding reversibility."
AR_1239,"Question Group 007: Architecting secure MLOps pipelines, enforcing automated lifecycle stage-gates, and executing rigorous IT change management and release validation protocols."
AR_1240,"Question Group 015: Configuring continuous live monitoring for model drift, concept drift, reasoning drift, and automated business-logic anomalies (pricing, margin erosion)."
AR_1241,"Question Group 015: Configuring continuous live monitoring for model drift, concept drift, reasoning drift, and automated business-logic anomalies (pricing, margin erosion)."
AR_1243,"Question Group 007: Architecting secure MLOps pipelines, enforcing automated lifecycle stage-gates, and executing rigorous IT change management and release validation protocols."
AR_1249,"Question Group 016: Engineering and validating GenAI prompts, RAG corpora, runtime guardrails, and indirect prompt injection defenses."
AR_1250,"Question Group 017: Conducting red-teaming, adversarial stress-testing (RAG poisoning, model inversion/privacy attacks), and data poisoning defense."
AR_1251,"Question Group 018: Executing formal end-of-life decommissioning procedures for AI systems, including downstream dependency mapping, secure data disposal, and API endpoint revocation."
AR_1252,"Question Group 018: Executing formal end-of-life decommissioning procedures for AI systems, including downstream dependency mapping, secure data disposal, and API endpoint revocation."
AR_1256,"Question Group 013: Governing AI training pipelines to ensure cryptographic provenance, validate synthetic data, and manage schema drift."
AR_1261,"Question Group 017: Conducting red-teaming, adversarial stress-testing (RAG poisoning, model inversion/privacy attacks), and data poisoning defense."
AR_1265,"Question Group 015: Configuring continuous live monitoring for model drift, concept drift, reasoning drift, and automated business-logic anomalies (pricing, margin erosion)."
AR_1266,"Question Group 007: Architecting secure MLOps pipelines, enforcing automated lifecycle stage-gates, and executing rigorous IT change management and release validation protocols."
AR_1269,"Question Group 021: Managing workforce competence, establishing quality assurance standards, and evaluating human/system disagreements for Human-in-the-Loop (HITL) and RLHF annotation operations."
AR_1272,"Question Group 019: Governing data privacy policies, explicit user consent, and the execution of Data Subject Rights (DSR)."
AR_1278,"Question Group 024: Drafting, technically enforcing, and actively auditing internal Acceptable Use Policies (AUP) to prevent misuse or evidence fabrication."
AR_1279,"Question Group 023: Governing AI intellectual property (IP) rights, including training data licensing, output ownership, open-source code compliance, and maintaining foundation model registries."
AR_1280,"Question Group 011: Conducting multi-jurisdictional regulatory horizon scanning, mapping cross-border legal obligations, and determining domain-specific compliance classifications (e.g., Medical Devices)."
AR_1282,"Question Group 010: Operating formal incident intake channels and systematically analyzing user feedback, adverse impact reports, and complaints over time to continuously update risk baselines."
AR_1283,"Question Group 012: Authoring public-facing transparency notices, UX safeguards, and plain-language model limitations."
AR_1284,"Question Group 022: Executing AI software incident playbooks, severity escalations, and mandatory regulatory reporting."
AR_1285,"Question Group 022: Executing AI software incident playbooks, severity escalations, and mandatory regulatory reporting."
AR_1288,"Question Group 012: Authoring public-facing transparency notices, UX safeguards, and plain-language model limitations."
AR_1289,"Question Group 012: Authoring public-facing transparency notices, UX safeguards, and plain-language model limitations."
AR_1290,"Question Group 012: Authoring public-facing transparency notices, UX safeguards, and plain-language model limitations."
AR_1292,"Question Group 022: Executing AI software incident playbooks, severity escalations, and mandatory regulatory reporting."
AR_1293,"Question Group 012: Authoring public-facing transparency notices, UX safeguards, and plain-language model limitations."
AR_1299,"Question Group 024: Drafting, technically enforcing, and actively auditing internal Acceptable Use Policies (AUP) to prevent misuse or evidence fabrication."
AR_1300,"Question Group 025: Defining, integrating, and measuring core Responsible AI (RAI) principles, establishing ethical use frameworks, and tracking quantitative indicators across enterprise operations."
AR_1302,"Question Group 024: Drafting, technically enforcing, and actively auditing internal Acceptable Use Policies (AUP) to prevent misuse or evidence fabrication."
AR_1304,"Question Group 024: Drafting, technically enforcing, and actively auditing internal Acceptable Use Policies (AUP) to prevent misuse or evidence fabrication."
AR_1307,"Question Group 020: Scanning for, restricting, and remediating unauthorized or ""shadow"" AI tools."
AR_1313,"Question Group 025: Defining, integrating, and measuring core Responsible AI (RAI) principles, establishing ethical use frameworks, and tracking quantitative indicators across enterprise operations."
AR_1314,"Question Group 024: Drafting, technically enforcing, and actively auditing internal Acceptable Use Policies (AUP) to prevent misuse or evidence fabrication."
AR_1320,"Question Group 051: Auditing enterprise datasets to identify representational bias, prevent data leakage, and mitigate recursive model collapse."
AR_1321,"Question Group 027: Governing AI-assisted developer tools (Copilots) to enforce secure coding standards, manage API secrets, and prevent the ingestion of hallucinated or unsafe code libraries."
AR_1327,"Question Group 029: Implementing fraud detection, bot mitigation, and cybersecurity controls against external AI threats (deepfakes, synthetic identities)."
AR_1328,"Question Group 016: Engineering and validating GenAI prompts, RAG corpora, runtime guardrails, and indirect prompt injection defenses."
AR_1334,"Question Group 017: Conducting red-teaming, adversarial stress-testing (RAG poisoning, model inversion/privacy attacks), and data poisoning defense."
AR_1335,"Question Group 051: Auditing enterprise datasets to identify representational bias, prevent data leakage, and mitigate recursive model collapse."
AR_1337,"Question Group 017: Conducting red-teaming, adversarial stress-testing (RAG poisoning, model inversion/privacy attacks), and data poisoning defense."
AR_1340,"Question Group 012: Authoring public-facing transparency notices, UX safeguards, and plain-language model limitations."
AR_1341,"Question Group 024: Drafting, technically enforcing, and actively auditing internal Acceptable Use Policies (AUP) to prevent misuse or evidence fabrication."
AR_1342,"Question Group 029: Implementing fraud detection, bot mitigation, and cybersecurity controls against external AI threats (deepfakes, synthetic identities)."
AR_1343,"Question Group 015: Configuring continuous live monitoring for model drift, concept drift, reasoning drift, and automated business-logic anomalies (pricing, margin erosion)."
AR_1344,"Question Group 029: Implementing fraud detection, bot mitigation, and cybersecurity controls against external AI threats (deepfakes, synthetic identities)."
AR_1345,"Question Group 029: Implementing fraud detection, bot mitigation, and cybersecurity controls against external AI threats (deepfakes, synthetic identities)."
AR_1348,"Question Group 032: Designing workforce transition programs, preserving core human skills, and managing retraining for roles augmented or displaced by AI."
AR_1349,"Question Group 030: Governing the use of AI for internal workforce management, including employee productivity scoring, workplace monitoring safeguards, proportionality, and appeal mechanisms."
AR_1351,"Question Group 015: Configuring continuous live monitoring for model drift, concept drift, reasoning drift, and automated business-logic anomalies (pricing, margin erosion)."
AR_1352,"Question Group 012: Authoring public-facing transparency notices, UX safeguards, and plain-language model limitations."
AR_1353,"Question Group 012: Authoring public-facing transparency notices, UX safeguards, and plain-language model limitations."
AR_1354,"Question Group 010: Operating formal incident intake channels and systematically analyzing user feedback, adverse impact reports, and complaints over time to continuously update risk baselines."
AR_1355,"Question Group 022: Executing AI software incident playbooks, severity escalations, and mandatory regulatory reporting."
AR_1356,"Question Group 008: Governing the master AI system inventory, compliance records, version histories, and regulated record retention."
AR_1357,"Question Group 023: Governing AI intellectual property (IP) rights, including training data licensing, output ownership, open-source code compliance, and maintaining foundation model registries."
AR_1358,"Question Group 023: Governing AI intellectual property (IP) rights, including training data licensing, output ownership, open-source code compliance, and maintaining foundation model registries."
AR_1365,"Question Group 021: Managing workforce competence, establishing quality assurance standards, and evaluating human/system disagreements for Human-in-the-Loop (HITL) and RLHF annotation operations."
AR_1366,"Question Group 016: Engineering and validating GenAI prompts, RAG corpora, runtime guardrails, and indirect prompt injection defenses."
AR_1367,"Question Group 015: Configuring continuous live monitoring for model drift, concept drift, reasoning drift, and automated business-logic anomalies (pricing, margin erosion)."
AR_1369,"Question Group 015: Configuring continuous live monitoring for model drift, concept drift, reasoning drift, and automated business-logic anomalies (pricing, margin erosion)."
AR_1370,"Question Group 051: Auditing enterprise datasets to identify representational bias, prevent data leakage, and mitigate recursive model collapse."
AR_1371,"Question Group 027: Governing AI-assisted developer tools (Copilots) to enforce secure coding standards, manage API secrets, and prevent the ingestion of hallucinated or unsafe code libraries."
AR_1374,"Question Group 016: Engineering and validating GenAI prompts, RAG corpora, runtime guardrails, and indirect prompt injection defenses."
AR_1376,"Question Group 015: Configuring continuous live monitoring for model drift, concept drift, reasoning drift, and automated business-logic anomalies (pricing, margin erosion)."
AR_1377,"Question Group 028: Hardening AI infrastructure, APIs, Identity and Access Management (IAM), and container orchestrations using Infrastructure-as-Code (IaC), secret management, and zero-day patching."
AR_1379,"Question Group 017: Conducting red-teaming, adversarial stress-testing (RAG poisoning, model inversion/privacy attacks), and data poisoning defense."
AR_1380,"Question Group 019: Governing data privacy policies, explicit user consent, and the execution of Data Subject Rights (DSR)."
AR_1381,"Question Group 030: Governing the use of AI for internal workforce management, including employee productivity scoring, workplace monitoring safeguards, proportionality, and appeal mechanisms."
AR_1385,"Question Group 015: Configuring continuous live monitoring for model drift, concept drift, reasoning drift, and automated business-logic anomalies (pricing, margin erosion)."
AR_1392,"Question Group 017: Conducting red-teaming, adversarial stress-testing (RAG poisoning, model inversion/privacy attacks), and data poisoning defense."
AR_1393,"Question Group 028: Hardening AI infrastructure, APIs, Identity and Access Management (IAM), and container orchestrations using Infrastructure-as-Code (IaC), secret management, and zero-day patching."
AR_1398,"Question Group 028: Hardening AI infrastructure, APIs, Identity and Access Management (IAM), and container orchestrations using Infrastructure-as-Code (IaC), secret management, and zero-day patching."
AR_1399,"Question Group 017: Conducting red-teaming, adversarial stress-testing (RAG poisoning, model inversion/privacy attacks), and data poisoning defense."
AR_1401,"Question Group 029: Implementing fraud detection, bot mitigation, and cybersecurity controls against external AI threats (deepfakes, synthetic identities)."
AR_1402,"Question Group 024: Drafting, technically enforcing, and actively auditing internal Acceptable Use Policies (AUP) to prevent misuse or evidence fabrication."
AR_1404,"Question Group 032: Designing workforce transition programs, preserving core human skills, and managing retraining for roles augmented or displaced by AI."
AR_1410,"Question Group 024: Drafting, technically enforcing, and actively auditing internal Acceptable Use Policies (AUP) to prevent misuse or evidence fabrication."
AR_1411,"Question Group 019: Governing data privacy policies, explicit user consent, and the execution of Data Subject Rights (DSR)."
AR_1412,"Question Group 015: Configuring continuous live monitoring for model drift, concept drift, reasoning drift, and automated business-logic anomalies (pricing, margin erosion)."
AR_1414,"Question Group 015: Configuring continuous live monitoring for model drift, concept drift, reasoning drift, and automated business-logic anomalies (pricing, margin erosion)."
AR_1415,"Question Group 024: Drafting, technically enforcing, and actively auditing internal Acceptable Use Policies (AUP) to prevent misuse or evidence fabrication."
AR_1421,"Question Group 022: Executing AI software incident playbooks, severity escalations, and mandatory regulatory reporting."
AR_1434,"Question Group 012: Authoring public-facing transparency notices, UX safeguards, and plain-language model limitations."
AR_GOV_01,"Question Group 011: Conducting multi-jurisdictional regulatory horizon scanning, mapping cross-border legal obligations, and determining domain-specific compliance classifications (e.g., Medical Devices)."
AR_GOV_02,"Question Group 011: Conducting multi-jurisdictional regulatory horizon scanning, mapping cross-border legal obligations, and determining domain-specific compliance classifications (e.g., Medical Devices)."
AR_GOV_03,"Question Group 011: Conducting multi-jurisdictional regulatory horizon scanning, mapping cross-border legal obligations, and determining domain-specific compliance classifications (e.g., Medical Devices)."
AR_GOV_04,"Question Group 011: Conducting multi-jurisdictional regulatory horizon scanning, mapping cross-border legal obligations, and determining domain-specific compliance classifications (e.g., Medical Devices)."
AR_GOV_05,"Question Group 011: Conducting multi-jurisdictional regulatory horizon scanning, mapping cross-border legal obligations, and determining domain-specific compliance classifications (e.g., Medical Devices)."
AR_GOV_06,"Question Group 011: Conducting multi-jurisdictional regulatory horizon scanning, mapping cross-border legal obligations, and determining domain-specific compliance classifications (e.g., Medical Devices)."
AR_GOV_07,"Question Group 011: Conducting multi-jurisdictional regulatory horizon scanning, mapping cross-border legal obligations, and determining domain-specific compliance classifications (e.g., Medical Devices)."
AR_GOV_08,"Question Group 011: Conducting multi-jurisdictional regulatory horizon scanning, mapping cross-border legal obligations, and determining domain-specific compliance classifications (e.g., Medical Devices)."
AR_GOV_09,"Question Group 011: Conducting multi-jurisdictional regulatory horizon scanning, mapping cross-border legal obligations, and determining domain-specific compliance classifications (e.g., Medical Devices)."
AR_GOV_10,"Question Group 051: Auditing enterprise datasets to identify representational bias, prevent data leakage, and mitigate recursive model collapse."
AR_GOV_11,"Question Group 008: Governing the master AI system inventory, compliance records, version histories, and regulated record retention."
AR_GOV_12,"Question Group 019: Governing data privacy policies, explicit user consent, and the execution of Data Subject Rights (DSR)."
AR_GOV_13,"Question Group 011: Conducting multi-jurisdictional regulatory horizon scanning, mapping cross-border legal obligations, and determining domain-specific compliance classifications (e.g., Medical Devices)."
AR_GOV_14,"Question Group 019: Governing data privacy policies, explicit user consent, and the execution of Data Subject Rights (DSR)."
AR_GOV_15,"Question Group 008: Governing the master AI system inventory, compliance records, version histories, and regulated record retention."
AR_GOV_16,"Question Group 012: Authoring public-facing transparency notices, UX safeguards, and plain-language model limitations."
AR_GOV_17,"Question Group 028: Hardening AI infrastructure, APIs, Identity and Access Management (IAM), and container orchestrations using Infrastructure-as-Code (IaC), secret management, and zero-day patching."
AR_GOV_18,"Question Group 051: Auditing enterprise datasets to identify representational bias, prevent data leakage, and mitigate recursive model collapse."
AR_GOV_19,"Question Group 050: Architecting technical privacy controls, including pre-ingestion PII redaction buffers, data minimization, and geofencing."
AR_GOV_20,"Question Group 001: Governing Third-Party Risk Management (TPRM) for AI vendors, including concentration thresholds, contractual SLAs, sub-processor mapping, and exit strategies."
AR_LEG_01,"Question Group 047: Designing and mandating enterprise-wide AI literacy, policy awareness training, and role-specific competency assessments for internal employees and third-party contractors."
AR_LEG_02,"Question Group 019: Governing data privacy policies, explicit user consent, and the execution of Data Subject Rights (DSR)."
AR_LEG_03,"Question Group 008: Governing the master AI system inventory, compliance records, version histories, and regulated record retention."
AR_LEG_04,"Question Group 004: Designing technical safeguards, advisory-gating, human override protocols (HOVER), and fail-safe architectures for high-stakes actions (e.g., financial controls, legal drafting)."
AR_LEG_05,"Question Group 046: Governing the master Corporate AI Policy, Board-level approval cycles, and cross-functional lifecycle compliance."
AR_LEG_06,"Question Group 014: Executing structurally independent, cross-functional validation, formal challenge, and pre-deployment stress-testing of AI models."
AR_LEG_07,"Question Group 012: Authoring public-facing transparency notices, UX safeguards, and plain-language model limitations."
AR_LEG_08,"Question Group 051: Auditing enterprise datasets to identify representational bias, prevent data leakage, and mitigate recursive model collapse."
AR_LEG_09,"Question Group 006: Quantifying residual AI risk, maintaining dynamic risk dashboards, and formally integrating outcomes into Enterprise Risk Management (ERM) registers and corporate liability insurance."
AR_LEG_10,"Question Group 014: Executing structurally independent, cross-functional validation, formal challenge, and pre-deployment stress-testing of AI models."
AR_LEG_11,"Question Group 011: Conducting multi-jurisdictional regulatory horizon scanning, mapping cross-border legal obligations, and determining domain-specific compliance classifications (e.g., Medical Devices)."
AR_LEG_12,"Question Group 011: Conducting multi-jurisdictional regulatory horizon scanning, mapping cross-border legal obligations, and determining domain-specific compliance classifications (e.g., Medical Devices)."
AR_LEG_13,"Question Group 023: Governing AI intellectual property (IP) rights, including training data licensing, output ownership, open-source code compliance, and maintaining foundation model registries."
AR_LEG_14,"Question Group 016: Engineering and validating GenAI prompts, RAG corpora, runtime guardrails, and indirect prompt injection defenses."
AR_LEG_15,"Question Group 022: Executing AI software incident playbooks, severity escalations, and mandatory regulatory reporting."
AR_LEG_16,"Question Group 001: Governing Third-Party Risk Management (TPRM) for AI vendors, including concentration thresholds, contractual SLAs, sub-processor mapping, and exit strategies."
AR_LEG_17,"Question Group 047: Designing and mandating enterprise-wide AI literacy, policy awareness training, and role-specific competency assessments for internal employees and third-party contractors."
AR_LEG_18,"Question Group 014: Executing structurally independent, cross-functional validation, formal challenge, and pre-deployment stress-testing of AI models."
AR_LEG_19,"Question Group 037: Architecting advanced AI data security, including pre-ingestion PII redaction buffers, Data Loss Prevention (DLP), HYOK encryption, and identity-based decryption."
AR_LEG_20,"Question Group 012: Authoring public-facing transparency notices, UX safeguards, and plain-language model limitations."
AR_TRN_01,"Question Group 011: Conducting multi-jurisdictional regulatory horizon scanning, mapping cross-border legal obligations, and determining domain-specific compliance classifications (e.g., Medical Devices)."
AR_TRN_02,"Question Group 011: Conducting multi-jurisdictional regulatory horizon scanning, mapping cross-border legal obligations, and determining domain-specific compliance classifications (e.g., Medical Devices)."
AR_TRN_03,"Question Group 011: Conducting multi-jurisdictional regulatory horizon scanning, mapping cross-border legal obligations, and determining domain-specific compliance classifications (e.g., Medical Devices)."
AR_TRN_04,"Question Group 011: Conducting multi-jurisdictional regulatory horizon scanning, mapping cross-border legal obligations, and determining domain-specific compliance classifications (e.g., Medical Devices)."
AR_TRN_05,"Question Group 011: Conducting multi-jurisdictional regulatory horizon scanning, mapping cross-border legal obligations, and determining domain-specific compliance classifications (e.g., Medical Devices)."
AR_TRN_06,"Question Group 011: Conducting multi-jurisdictional regulatory horizon scanning, mapping cross-border legal obligations, and determining domain-specific compliance classifications (e.g., Medical Devices)."
AR_TRN_07,"Question Group 011: Conducting multi-jurisdictional regulatory horizon scanning, mapping cross-border legal obligations, and determining domain-specific compliance classifications (e.g., Medical Devices)."
AR_TRN_08,"Question Group 011: Conducting multi-jurisdictional regulatory horizon scanning, mapping cross-border legal obligations, and determining domain-specific compliance classifications (e.g., Medical Devices)."
AR_TRN_09,"Question Group 011: Conducting multi-jurisdictional regulatory horizon scanning, mapping cross-border legal obligations, and determining domain-specific compliance classifications (e.g., Medical Devices)."
AR_TRN_10,"Question Group 011: Conducting multi-jurisdictional regulatory horizon scanning, mapping cross-border legal obligations, and determining domain-specific compliance classifications (e.g., Medical Devices)."
AR_TRN_11,"Question Group 011: Conducting multi-jurisdictional regulatory horizon scanning, mapping cross-border legal obligations, and determining domain-specific compliance classifications (e.g., Medical Devices)."
AR_TRN_12,"Question Group 011: Conducting multi-jurisdictional regulatory horizon scanning, mapping cross-border legal obligations, and determining domain-specific compliance classifications (e.g., Medical Devices)."
AR_TRN_13,"Question Group 011: Conducting multi-jurisdictional regulatory horizon scanning, mapping cross-border legal obligations, and determining domain-specific compliance classifications (e.g., Medical Devices)."
AR_TRN_14,"Question Group 011: Conducting multi-jurisdictional regulatory horizon scanning, mapping cross-border legal obligations, and determining domain-specific compliance classifications (e.g., Medical Devices)."
AR_TRN_15,"Question Group 011: Conducting multi-jurisdictional regulatory horizon scanning, mapping cross-border legal obligations, and determining domain-specific compliance classifications (e.g., Medical Devices)."
AR_TRN_16,"Question Group 011: Conducting multi-jurisdictional regulatory horizon scanning, mapping cross-border legal obligations, and determining domain-specific compliance classifications (e.g., Medical Devices)."
AR_TRN_17,"Question Group 011: Conducting multi-jurisdictional regulatory horizon scanning, mapping cross-border legal obligations, and determining domain-specific compliance classifications (e.g., Medical Devices)."
AR_TRN_18,"Question Group 011: Conducting multi-jurisdictional regulatory horizon scanning, mapping cross-border legal obligations, and determining domain-specific compliance classifications (e.g., Medical Devices)."
AR_TRN_19,"Question Group 011: Conducting multi-jurisdictional regulatory horizon scanning, mapping cross-border legal obligations, and determining domain-specific compliance classifications (e.g., Medical Devices)."
AR_TRN_20,"Question Group 011: Conducting multi-jurisdictional regulatory horizon scanning, mapping cross-border legal obligations, and determining domain-specific compliance classifications (e.g., Medical Devices)."
AR_UTL_01,"Question Group 001: Governing Third-Party Risk Management (TPRM) for AI vendors, including concentration thresholds, contractual SLAs, sub-processor mapping, and exit strategies."
AR_UTL_02,"Question Group 014: Executing structurally independent, cross-functional validation, formal challenge, and pre-deployment stress-testing of AI models."
AR_UTL_03,"Question Group 043: Executing foundational enterprise network security, traffic management (DDoS), comprehensive visibility (IDS/IPS, flow logging), and securing external/hybrid connectivity (Mutual TLS, VPN, SD-WAN)."
AR_UTL_04,"Question Group 004: Designing technical safeguards, advisory-gating, human override protocols (HOVER), and fail-safe architectures for high-stakes actions (e.g., financial controls, legal drafting)."
AR_UTL_05,"Question Group 005: Defining formal intended use cases, establishing out-of-scope boundaries, and executing tiered, multidimensional AI Impact Assessments (AIIA) across the lifecycle."
AR_UTL_06,"Question Group 028: Hardening AI infrastructure, APIs, Identity and Access Management (IAM), and container orchestrations using Infrastructure-as-Code (IaC), secret management, and zero-day patching."
AR_UTL_07,"Question Group 022: Executing AI software incident playbooks, severity escalations, and mandatory regulatory reporting."
AR_UTL_08,"Question Group 011: Conducting multi-jurisdictional regulatory horizon scanning, mapping cross-border legal obligations, and determining domain-specific compliance classifications (e.g., Medical Devices)."
AR_UTL_09,"Question Group 002: Provisioning and monitoring AI compute infrastructure to enforce SLA latency, ESG sustainability, FinOps limits, and BCDR resilience."
AR_UTL_10,"Question Group 017: Conducting red-teaming, adversarial stress-testing (RAG poisoning, model inversion/privacy attacks), and data poisoning defense."
AR_UTL_11,"Question Group 011: Conducting multi-jurisdictional regulatory horizon scanning, mapping cross-border legal obligations, and determining domain-specific compliance classifications (e.g., Medical Devices)."
AR_UTL_12,"Question Group 011: Conducting multi-jurisdictional regulatory horizon scanning, mapping cross-border legal obligations, and determining domain-specific compliance classifications (e.g., Medical Devices)."
AR_UTL_13,"Question Group 008: Governing the master AI system inventory, compliance records, version histories, and regulated record retention."
AR_UTL_14,"Question Group 051: Auditing enterprise datasets to identify representational bias, prevent data leakage, and mitigate recursive model collapse."
AR_UTL_15,"Question Group 025: Defining, integrating, and measuring core Responsible AI (RAI) principles, establishing ethical use frameworks, and tracking quantitative indicators across enterprise operations."
AR_UTL_16,"Question Group 001: Governing Third-Party Risk Management (TPRM) for AI vendors, including concentration thresholds, contractual SLAs, sub-processor mapping, and exit strategies."
AR_UTL_17,"Question Group 002: Provisioning and monitoring AI compute infrastructure to enforce SLA latency, ESG sustainability, FinOps limits, and BCDR resilience."
AR_UTL_18,"Question Group 019: Governing data privacy policies, explicit user consent, and the execution of Data Subject Rights (DSR)."
AR_UTL_19,"Question Group 007: Architecting secure MLOps pipelines, enforcing automated lifecycle stage-gates, and executing rigorous IT change management and release validation protocols."
AR_UTL_20,"Question Group 015: Configuring continuous live monitoring for model drift, concept drift, reasoning drift, and automated business-logic anomalies (pricing, margin erosion)."
AR_US_FED_01,"Question Group 051: Auditing enterprise datasets to identify representational bias, prevent data leakage, and mitigate recursive model collapse."
AR_US_FED_02,"Question Group 051: Auditing enterprise datasets to identify representational bias, prevent data leakage, and mitigate recursive model collapse."
AR_US_FED_03,"Question Group 019: Governing data privacy policies, explicit user consent, and the execution of Data Subject Rights (DSR)."
AR_US_FED_04,"Question Group 025: Defining, integrating, and measuring core Responsible AI (RAI) principles, establishing ethical use frameworks, and tracking quantitative indicators across enterprise operations."
AR_US_FED_05,"Question Group 019: Governing data privacy policies, explicit user consent, and the execution of Data Subject Rights (DSR)."
AR_US_FED_06,"Question Group 051: Auditing enterprise datasets to identify representational bias, prevent data leakage, and mitigate recursive model collapse."
AR_US_FED_07,"Question Group 051: Auditing enterprise datasets to identify representational bias, prevent data leakage, and mitigate recursive model collapse."
AR_US_FED_08,"Question Group 051: Auditing enterprise datasets to identify representational bias, prevent data leakage, and mitigate recursive model collapse."
AR_US_FED_09,"Question Group 037: Architecting advanced AI data security, including pre-ingestion PII redaction buffers, Data Loss Prevention (DLP), HYOK encryption, and identity-based decryption."
AR_US_FED_10,"Question Group 011: Conducting multi-jurisdictional regulatory horizon scanning, mapping cross-border legal obligations, and determining domain-specific compliance classifications (e.g., Medical Devices)."
AR_TX_01,"Question Group 019: Governing data privacy policies, explicit user consent, and the execution of Data Subject Rights (DSR)."
AR_TX_02,"Question Group 019: Governing data privacy policies, explicit user consent, and the execution of Data Subject Rights (DSR)."
AR_TX_03,"Question Group 019: Governing data privacy policies, explicit user consent, and the execution of Data Subject Rights (DSR)."
AR_TX_04,"Question Group 005: Defining formal intended use cases, establishing out-of-scope boundaries, and executing tiered, multidimensional AI Impact Assessments (AIIA) across the lifecycle."
AR_ON_PHIPA_01,"Question Group 019: Governing data privacy policies, explicit user consent, and the execution of Data Subject Rights (DSR)."
AR_ON_PHIPA_02,"Question Group 019: Governing data privacy policies, explicit user consent, and the execution of Data Subject Rights (DSR)."
AR_ON_PHIPA_03,"Question Group 001: Governing Third-Party Risk Management (TPRM) for AI vendors, including concentration thresholds, contractual SLAs, sub-processor mapping, and exit strategies."
AR_QC_FRENCH_01,"Question Group 012: Authoring public-facing transparency notices, UX safeguards, and plain-language model limitations."
AR_QC_FRENCH_02,"Question Group 013: Governing AI training pipelines to ensure cryptographic provenance, validate synthetic data, and manage schema drift."
AR_NY_DFS_01,"Question Group 017: Conducting red-teaming, adversarial stress-testing (RAG poisoning, model inversion/privacy attacks), and data poisoning defense."
AR_NY_DFS_02,"Question Group 001: Governing Third-Party Risk Management (TPRM) for AI vendors, including concentration thresholds, contractual SLAs, sub-processor mapping, and exit strategies."
AR_EU_DSA_01,"Question Group 012: Authoring public-facing transparency notices, UX safeguards, and plain-language model limitations."
AR_EU_DSA_02,"Question Group 005: Defining formal intended use cases, establishing out-of-scope boundaries, and executing tiered, multidimensional AI Impact Assessments (AIIA) across the lifecycle."
AR_EU_DSA_03,"Question Group 012: Authoring public-facing transparency notices, UX safeguards, and plain-language model limitations."
AR_EU_MDR_01,"Question Group 011: Conducting multi-jurisdictional regulatory horizon scanning, mapping cross-border legal obligations, and determining domain-specific compliance classifications (e.g., Medical Devices)."
AR_EU_MDR_02,"Question Group 046: Governing the master Corporate AI Policy, Board-level approval cycles, and cross-functional lifecycle compliance."
AR_EU_MIFID_01,"Question Group 014: Executing structurally independent, cross-functional validation, formal challenge, and pre-deployment stress-testing of AI models."
AR_EU_DATA_ACT_01,"Question Group 019: Governing data privacy policies, explicit user consent, and the execution of Data Subject Rights (DSR)."
AR_EU_ACCESSIBILITY_01,"Question Group 049: Governing physical and logical system accessibility, including WCAG compliance for AI interfaces and physical kiosks."
AR_CA_FED_OSFI_01,"Question Group 014: Executing structurally independent, cross-functional validation, formal challenge, and pre-deployment stress-testing of AI models."
AR_CA_FED_ACCESSIBILITY_01,"Question Group 049: Governing physical and logical system accessibility, including WCAG compliance for AI interfaces and physical kiosks."
AR_CA_FED_EMPLOYMENT_01,"Question Group 051: Auditing enterprise datasets to identify representational bias, prevent data leakage, and mitigate recursive model collapse."
AR_CA_ST_FEHA_01,"Question Group 051: Auditing enterprise datasets to identify representational bias, prevent data leakage, and mitigate recursive model collapse."
AR_CA_ST_AB2013_01,"Question Group 030: Governing the use of AI for internal workforce management, including employee productivity scoring, workplace monitoring safeguards, proportionality, and appeal mechanisms."
AR_CO_EQUAL_PAY_01,"Question Group 030: Governing the use of AI for internal workforce management, including employee productivity scoring, workplace monitoring safeguards, proportionality, and appeal mechanisms."
AR_BC_HUMAN_RIGHTS_01,"Question Group 051: Auditing enterprise datasets to identify representational bias, prevent data leakage, and mitigate recursive model collapse."
AR_NY_ST_HUMAN_RIGHTS_01,"Question Group 051: Auditing enterprise datasets to identify representational bias, prevent data leakage, and mitigate recursive model collapse."
AR_EU_GDPR_ARTICLE22_01,"Question Group 012: Authoring public-facing transparency notices, UX safeguards, and plain-language model limitations."
AR_EU_PRIVACY_BY_DESIGN_01,"Question Group 050: Architecting technical privacy controls, including pre-ingestion PII redaction buffers, data minimization, and geofencing."
AR_EU_EQUALITY_DIRECTIVE_01,"Question Group 051: Auditing enterprise datasets to identify representational bias, prevent data leakage, and mitigate recursive model collapse."
AR_BC_01,"Question Group 011: Conducting multi-jurisdictional regulatory horizon scanning, mapping cross-border legal obligations, and determining domain-specific compliance classifications (e.g., Medical Devices)."
AR_BC_02,"Question Group 019: Governing data privacy policies, explicit user consent, and the execution of Data Subject Rights (DSR)."
AR_BC_03,"Question Group 005: Defining formal intended use cases, establishing out-of-scope boundaries, and executing tiered, multidimensional AI Impact Assessments (AIIA) across the lifecycle."
AR_BC_04,"Question Group 019: Governing data privacy policies, explicit user consent, and the execution of Data Subject Rights (DSR)."
AR_BC_05,"Question Group 037: Architecting advanced AI data security, including pre-ingestion PII redaction buffers, Data Loss Prevention (DLP), HYOK encryption, and identity-based decryption."
AR_BC_06,"Question Group 022: Executing AI software incident playbooks, severity escalations, and mandatory regulatory reporting."
AR_BC_07,"Question Group 014: Executing structurally independent, cross-functional validation, formal challenge, and pre-deployment stress-testing of AI models."
AR_BC_08,"Question Group 013: Governing AI training pipelines to ensure cryptographic provenance, validate synthetic data, and manage schema drift."
AR_BC_09,"Question Group 019: Governing data privacy policies, explicit user consent, and the execution of Data Subject Rights (DSR)."
AR_BC_10,"Question Group 003: Structuring the AI organization, governing personnel, RACI documentation, and chartering Board-level oversight."
AR_CA_01,"Question Group 003: Structuring the AI organization, governing personnel, RACI documentation, and chartering Board-level oversight."
AR_CA_02,"Question Group 019: Governing data privacy policies, explicit user consent, and the execution of Data Subject Rights (DSR)."
AR_CA_03,"Question Group 005: Defining formal intended use cases, establishing out-of-scope boundaries, and executing tiered, multidimensional AI Impact Assessments (AIIA) across the lifecycle."
AR_CA_04,"Question Group 019: Governing data privacy policies, explicit user consent, and the execution of Data Subject Rights (DSR)."
AR_CA_05,"Question Group 005: Defining formal intended use cases, establishing out-of-scope boundaries, and executing tiered, multidimensional AI Impact Assessments (AIIA) across the lifecycle."
AR_CA_06,"Question Group 008: Governing the master AI system inventory, compliance records, version histories, and regulated record retention."
AR_CA_07,"Question Group 037: Architecting advanced AI data security, including pre-ingestion PII redaction buffers, Data Loss Prevention (DLP), HYOK encryption, and identity-based decryption."
AR_CA_08,"Question Group 012: Authoring public-facing transparency notices, UX safeguards, and plain-language model limitations."
AR_CA_09,"Question Group 019: Governing data privacy policies, explicit user consent, and the execution of Data Subject Rights (DSR)."
AR_CA_10,"Question Group 011: Conducting multi-jurisdictional regulatory horizon scanning, mapping cross-border legal obligations, and determining domain-specific compliance classifications (e.g., Medical Devices)."
AR_CA_11,"Question Group 019: Governing data privacy policies, explicit user consent, and the execution of Data Subject Rights (DSR)."
AR_CA_12,"Question Group 012: Authoring public-facing transparency notices, UX safeguards, and plain-language model limitations."
AR_CA_13,"Question Group 013: Governing AI training pipelines to ensure cryptographic provenance, validate synthetic data, and manage schema drift."
AR_CA_14,"Question Group 022: Executing AI software incident playbooks, severity escalations, and mandatory regulatory reporting."
AR_CA_15,"Question Group 001: Governing Third-Party Risk Management (TPRM) for AI vendors, including concentration thresholds, contractual SLAs, sub-processor mapping, and exit strategies."
AR_CA_16,"Question Group 004: Designing technical safeguards, advisory-gating, human override protocols (HOVER), and fail-safe architectures for high-stakes actions (e.g., financial controls, legal drafting)."
AR_CA_17,"Question Group 011: Conducting multi-jurisdictional regulatory horizon scanning, mapping cross-border legal obligations, and determining domain-specific compliance classifications (e.g., Medical Devices)."
AR_CA_18,"Question Group 008: Governing the master AI system inventory, compliance records, version histories, and regulated record retention."
AR_CA_19,"Question Group 025: Defining, integrating, and measuring core Responsible AI (RAI) principles, establishing ethical use frameworks, and tracking quantitative indicators across enterprise operations."
AR_CA_20,"Question Group 051: Auditing enterprise datasets to identify representational bias, prevent data leakage, and mitigate recursive model collapse."
AR_CA_ST_01,"Question Group 019: Governing data privacy policies, explicit user consent, and the execution of Data Subject Rights (DSR)."
AR_CA_ST_02,"Question Group 019: Governing data privacy policies, explicit user consent, and the execution of Data Subject Rights (DSR)."
AR_CA_ST_03,"Question Group 005: Defining formal intended use cases, establishing out-of-scope boundaries, and executing tiered, multidimensional AI Impact Assessments (AIIA) across the lifecycle."
AR_CA_ST_04,"Question Group 005: Defining formal intended use cases, establishing out-of-scope boundaries, and executing tiered, multidimensional AI Impact Assessments (AIIA) across the lifecycle."
AR_CA_ST_05,"Question Group 012: Authoring public-facing transparency notices, UX safeguards, and plain-language model limitations."
AR_CA_ST_06,"Question Group 019: Governing data privacy policies, explicit user consent, and the execution of Data Subject Rights (DSR)."
AR_CA_ST_07,"Question Group 011: Conducting multi-jurisdictional regulatory horizon scanning, mapping cross-border legal obligations, and determining domain-specific compliance classifications (e.g., Medical Devices)."
AR_CA_ST_08,"Question Group 037: Architecting advanced AI data security, including pre-ingestion PII redaction buffers, Data Loss Prevention (DLP), HYOK encryption, and identity-based decryption."
AR_CA_ST_09,"Question Group 001: Governing Third-Party Risk Management (TPRM) for AI vendors, including concentration thresholds, contractual SLAs, sub-processor mapping, and exit strategies."
AR_CA_ST_10,"Question Group 008: Governing the master AI system inventory, compliance records, version histories, and regulated record retention."
AR_CO_01,"Question Group 005: Defining formal intended use cases, establishing out-of-scope boundaries, and executing tiered, multidimensional AI Impact Assessments (AIIA) across the lifecycle."
AR_CO_02,"Question Group 012: Authoring public-facing transparency notices, UX safeguards, and plain-language model limitations."
AR_CO_03,"Question Group 051: Auditing enterprise datasets to identify representational bias, prevent data leakage, and mitigate recursive model collapse."
AR_CO_04,"Question Group 019: Governing data privacy policies, explicit user consent, and the execution of Data Subject Rights (DSR)."
AR_CO_05,"Question Group 008: Governing the master AI system inventory, compliance records, version histories, and regulated record retention."
AR_CO_06,"Question Group 008: Governing the master AI system inventory, compliance records, version histories, and regulated record retention."
AR_CO_07,"Question Group 004: Designing technical safeguards, advisory-gating, human override protocols (HOVER), and fail-safe architectures for high-stakes actions (e.g., financial controls, legal drafting)."
AR_CO_08,"Question Group 005: Defining formal intended use cases, establishing out-of-scope boundaries, and executing tiered, multidimensional AI Impact Assessments (AIIA) across the lifecycle."
AR_CO_09,"Question Group 019: Governing data privacy policies, explicit user consent, and the execution of Data Subject Rights (DSR)."
AR_CO_10,"Question Group 006: Quantifying residual AI risk, maintaining dynamic risk dashboards, and formally integrating outcomes into Enterprise Risk Management (ERM) registers and corporate liability insurance."
AR_EU_01,"Question Group 011: Conducting multi-jurisdictional regulatory horizon scanning, mapping cross-border legal obligations, and determining domain-specific compliance classifications (e.g., Medical Devices)."
AR_EU_02,"Question Group 008: Governing the master AI system inventory, compliance records, version histories, and regulated record retention."
AR_EU_03,"Question Group 005: Defining formal intended use cases, establishing out-of-scope boundaries, and executing tiered, multidimensional AI Impact Assessments (AIIA) across the lifecycle."
AR_EU_04,"Question Group 008: Governing the master AI system inventory, compliance records, version histories, and regulated record retention."
AR_EU_05,"Question Group 004: Designing technical safeguards, advisory-gating, human override protocols (HOVER), and fail-safe architectures for high-stakes actions (e.g., financial controls, legal drafting)."
AR_EU_06,"Question Group 013: Governing AI training pipelines to ensure cryptographic provenance, validate synthetic data, and manage schema drift."
AR_EU_07,"Question Group 017: Conducting red-teaming, adversarial stress-testing (RAG poisoning, model inversion/privacy attacks), and data poisoning defense."
AR_EU_08,"Question Group 008: Governing the master AI system inventory, compliance records, version histories, and regulated record retention."
AR_EU_09,"Question Group 012: Authoring public-facing transparency notices, UX safeguards, and plain-language model limitations."
AR_EU_10,"Question Group 050: Architecting technical privacy controls, including pre-ingestion PII redaction buffers, data minimization, and geofencing."
AR_EU_11,"Question Group 014: Executing structurally independent, cross-functional validation, formal challenge, and pre-deployment stress-testing of AI models."
AR_EU_12,"Question Group 015: Configuring continuous live monitoring for model drift, concept drift, reasoning drift, and automated business-logic anomalies (pricing, margin erosion)."
AR_EU_13,"Question Group 022: Executing AI software incident playbooks, severity escalations, and mandatory regulatory reporting."
AR_EU_14,"Question Group 012: Authoring public-facing transparency notices, UX safeguards, and plain-language model limitations."
AR_EU_15,"Question Group 005: Defining formal intended use cases, establishing out-of-scope boundaries, and executing tiered, multidimensional AI Impact Assessments (AIIA) across the lifecycle."
AR_EU_16,"Question Group 046: Governing the master Corporate AI Policy, Board-level approval cycles, and cross-functional lifecycle compliance."
AR_EU_17,"Question Group 005: Defining formal intended use cases, establishing out-of-scope boundaries, and executing tiered, multidimensional AI Impact Assessments (AIIA) across the lifecycle."
AR_EU_18,"Question Group 019: Governing data privacy policies, explicit user consent, and the execution of Data Subject Rights (DSR)."
AR_EU_19,"Question Group 051: Auditing enterprise datasets to identify representational bias, prevent data leakage, and mitigate recursive model collapse."
AR_EU_20,"Question Group 008: Governing the master AI system inventory, compliance records, version histories, and regulated record retention."
AR_NY_01,"Question Group 051: Auditing enterprise datasets to identify representational bias, prevent data leakage, and mitigate recursive model collapse."
AR_NY_02,"Question Group 012: Authoring public-facing transparency notices, UX safeguards, and plain-language model limitations."
AR_NY_03,"Question Group 037: Architecting advanced AI data security, including pre-ingestion PII redaction buffers, Data Loss Prevention (DLP), HYOK encryption, and identity-based decryption."
AR_NY_04,"Question Group 022: Executing AI software incident playbooks, severity escalations, and mandatory regulatory reporting."
AR_NY_05,"Question Group 004: Designing technical safeguards, advisory-gating, human override protocols (HOVER), and fail-safe architectures for high-stakes actions (e.g., financial controls, legal drafting)."
AR_NY_06,"Question Group 012: Authoring public-facing transparency notices, UX safeguards, and plain-language model limitations."
AR_NY_07,"Question Group 013: Governing AI training pipelines to ensure cryptographic provenance, validate synthetic data, and manage schema drift."
AR_NY_08,"Question Group 001: Governing Third-Party Risk Management (TPRM) for AI vendors, including concentration thresholds, contractual SLAs, sub-processor mapping, and exit strategies."
AR_NY_09,"Question Group 014: Executing structurally independent, cross-functional validation, formal challenge, and pre-deployment stress-testing of AI models."
AR_NY_10,"Question Group 008: Governing the master AI system inventory, compliance records, version histories, and regulated record retention."
AR_ON_01,"Question Group 011: Conducting multi-jurisdictional regulatory horizon scanning, mapping cross-border legal obligations, and determining domain-specific compliance classifications (e.g., Medical Devices)."
AR_ON_02,"Question Group 005: Defining formal intended use cases, establishing out-of-scope boundaries, and executing tiered, multidimensional AI Impact Assessments (AIIA) across the lifecycle."
AR_ON_03,"Question Group 019: Governing data privacy policies, explicit user consent, and the execution of Data Subject Rights (DSR)."
AR_ON_04,"Question Group 019: Governing data privacy policies, explicit user consent, and the execution of Data Subject Rights (DSR)."
AR_ON_05,"Question Group 019: Governing data privacy policies, explicit user consent, and the execution of Data Subject Rights (DSR)."
AR_ON_06,"Question Group 037: Architecting advanced AI data security, including pre-ingestion PII redaction buffers, Data Loss Prevention (DLP), HYOK encryption, and identity-based decryption."
AR_ON_07,"Question Group 014: Executing structurally independent, cross-functional validation, formal challenge, and pre-deployment stress-testing of AI models."
AR_ON_08,"Question Group 012: Authoring public-facing transparency notices, UX safeguards, and plain-language model limitations."
AR_ON_09,"Question Group 008: Governing the master AI system inventory, compliance records, version histories, and regulated record retention."
AR_ON_10,"Question Group 005: Defining formal intended use cases, establishing out-of-scope boundaries, and executing tiered, multidimensional AI Impact Assessments (AIIA) across the lifecycle."
AR_QC_01,"Question Group 003: Structuring the AI organization, governing personnel, RACI documentation, and chartering Board-level oversight."
AR_QC_02,"Question Group 005: Defining formal intended use cases, establishing out-of-scope boundaries, and executing tiered, multidimensional AI Impact Assessments (AIIA) across the lifecycle."
AR_QC_03,"Question Group 012: Authoring public-facing transparency notices, UX safeguards, and plain-language model limitations."
AR_QC_04,"Question Group 051: Auditing enterprise datasets to identify representational bias, prevent data leakage, and mitigate recursive model collapse."
AR_QC_05,"Question Group 019: Governing data privacy policies, explicit user consent, and the execution of Data Subject Rights (DSR)."
AR_QC_06,"Question Group 013: Governing AI training pipelines to ensure cryptographic provenance, validate synthetic data, and manage schema drift."
AR_QC_07,"Question Group 022: Executing AI software incident playbooks, severity escalations, and mandatory regulatory reporting."
AR_QC_08,"Question Group 019: Governing data privacy policies, explicit user consent, and the execution of Data Subject Rights (DSR)."
AR_QC_09,"Question Group 011: Conducting multi-jurisdictional regulatory horizon scanning, mapping cross-border legal obligations, and determining domain-specific compliance classifications (e.g., Medical Devices)."
AR_QC_10,"Question Group 037: Architecting advanced AI data security, including pre-ingestion PII redaction buffers, Data Loss Prevention (DLP), HYOK encryption, and identity-based decryption."
AR_TX_01_v2,"Question Group 012: Authoring public-facing transparency notices, UX safeguards, and plain-language model limitations."
AR_TX_02_v2,"Question Group 019: Governing data privacy policies, explicit user consent, and the execution of Data Subject Rights (DSR)."
AR_TX_03_v2,"Question Group 019: Governing data privacy policies, explicit user consent, and the execution of Data Subject Rights (DSR)."
AR_TX_04_v2,"Question Group 005: Defining formal intended use cases, establishing out-of-scope boundaries, and executing tiered, multidimensional AI Impact Assessments (AIIA) across the lifecycle."
AR_TX_05,"Question Group 019: Governing data privacy policies, explicit user consent, and the execution of Data Subject Rights (DSR)."
AR_TX_06,"Question Group 037: Architecting advanced AI data security, including pre-ingestion PII redaction buffers, Data Loss Prevention (DLP), HYOK encryption, and identity-based decryption."
AR_TX_07,"Question Group 001: Governing Third-Party Risk Management (TPRM) for AI vendors, including concentration thresholds, contractual SLAs, sub-processor mapping, and exit strategies."
AR_TX_08,"Question Group 005: Defining formal intended use cases, establishing out-of-scope boundaries, and executing tiered, multidimensional AI Impact Assessments (AIIA) across the lifecycle."
AR_TX_09,"Question Group 022: Executing AI software incident playbooks, severity escalations, and mandatory regulatory reporting."
AR_TX_10,"Question Group 008: Governing the master AI system inventory, compliance records, version histories, and regulated record retention."
AR_US_01,"Question Group 011: Conducting multi-jurisdictional regulatory horizon scanning, mapping cross-border legal obligations, and determining domain-specific compliance classifications (e.g., Medical Devices)."
AR_US_02,"Question Group 051: Auditing enterprise datasets to identify representational bias, prevent data leakage, and mitigate recursive model collapse."
AR_US_03,"Question Group 051: Auditing enterprise datasets to identify representational bias, prevent data leakage, and mitigate recursive model collapse."
AR_US_04,"Question Group 008: Governing the master AI system inventory, compliance records, version histories, and regulated record retention."
AR_US_05,"Question Group 011: Conducting multi-jurisdictional regulatory horizon scanning, mapping cross-border legal obligations, and determining domain-specific compliance classifications (e.g., Medical Devices)."
AR_US_06,"Question Group 051: Auditing enterprise datasets to identify representational bias, prevent data leakage, and mitigate recursive model collapse."
AR_US_07,"Question Group 037: Architecting advanced AI data security, including pre-ingestion PII redaction buffers, Data Loss Prevention (DLP), HYOK encryption, and identity-based decryption."
AR_US_08,"Question Group 012: Authoring public-facing transparency notices, UX safeguards, and plain-language model limitations."
AR_US_09,"Question Group 011: Conducting multi-jurisdictional regulatory horizon scanning, mapping cross-border legal obligations, and determining domain-specific compliance classifications (e.g., Medical Devices)."
AR_US_10,"Question Group 004: Designing technical safeguards, advisory-gating, human override protocols (HOVER), and fail-safe architectures for high-stakes actions (e.g., financial controls, legal drafting)."
AR_US_11,"Question Group 019: Governing data privacy policies, explicit user consent, and the execution of Data Subject Rights (DSR)."
AR_US_12,"Question Group 011: Conducting multi-jurisdictional regulatory horizon scanning, mapping cross-border legal obligations, and determining domain-specific compliance classifications (e.g., Medical Devices)."
AR_US_13,"Question Group 051: Auditing enterprise datasets to identify representational bias, prevent data leakage, and mitigate recursive model collapse."
AR_US_14,"Question Group 019: Governing data privacy policies, explicit user consent, and the execution of Data Subject Rights (DSR)."
AR_US_15,"Question Group 001: Governing Third-Party Risk Management (TPRM) for AI vendors, including concentration thresholds, contractual SLAs, sub-processor mapping, and exit strategies."
AR_US_16,"Question Group 022: Executing AI software incident playbooks, severity escalations, and mandatory regulatory reporting."
AR_US_17,"Question Group 011: Conducting multi-jurisdictional regulatory horizon scanning, mapping cross-border legal obligations, and determining domain-specific compliance classifications (e.g., Medical Devices)."
AR_US_18,"Question Group 025: Defining, integrating, and measuring core Responsible AI (RAI) principles, establishing ethical use frameworks, and tracking quantitative indicators across enterprise operations."
AR_US_19,"Question Group 004: Designing technical safeguards, advisory-gating, human override protocols (HOVER), and fail-safe architectures for high-stakes actions (e.g., financial controls, legal drafting)."
AR_US_20,"Question Group 046: Governing the master Corporate AI Policy, Board-level approval cycles, and cross-functional lifecycle compliance."
AR_ISO_01,"Question Group 046: Governing the master Corporate AI Policy, Board-level approval cycles, and cross-functional lifecycle compliance."
AR_ISO_02,"Question Group 003: Structuring the AI organization, governing personnel, RACI documentation, and chartering Board-level oversight."
AR_ISO_03,"Question Group 006: Quantifying residual AI risk, maintaining dynamic risk dashboards, and formally integrating outcomes into Enterprise Risk Management (ERM) registers and corporate liability insurance."
AR_ISO_04,"Question Group 046: Governing the master Corporate AI Policy, Board-level approval cycles, and cross-functional lifecycle compliance."
AR_ISO_05,"Question Group 047: Designing and mandating enterprise-wide AI literacy, policy awareness training, and role-specific competency assessments for internal employees and third-party contractors."
AR_ISO_06,"Question Group 008: Governing the master AI system inventory, compliance records, version histories, and regulated record retention."
AR_ISO_07,"Question Group 007: Architecting secure MLOps pipelines, enforcing automated lifecycle stage-gates, and executing rigorous IT change management and release validation protocols."
AR_ISO_08,"Question Group 005: Defining formal intended use cases, establishing out-of-scope boundaries, and executing tiered, multidimensional AI Impact Assessments (AIIA) across the lifecycle."
AR_ISO_09,"Question Group 013: Governing AI training pipelines to ensure cryptographic provenance, validate synthetic data, and manage schema drift."
AR_ISO_10,"Question Group 015: Configuring continuous live monitoring for model drift, concept drift, reasoning drift, and automated business-logic anomalies (pricing, margin erosion)."
AR_ISO_11,"Question Group 008: Governing the master AI system inventory, compliance records, version histories, and regulated record retention."
AR_ISO_12,"Question Group 003: Structuring the AI organization, governing personnel, RACI documentation, and chartering Board-level oversight."
AR_ISO_13,"Question Group 022: Executing AI software incident playbooks, severity escalations, and mandatory regulatory reporting."
AR_ISO_14,"Question Group 046: Governing the master Corporate AI Policy, Board-level approval cycles, and cross-functional lifecycle compliance."
AR_ISO_15,"Question Group 007: Architecting secure MLOps pipelines, enforcing automated lifecycle stage-gates, and executing rigorous IT change management and release validation protocols."
AR_ISO_16,"Question Group 012: Authoring public-facing transparency notices, UX safeguards, and plain-language model limitations."
AR_ISO_17,"Question Group 001: Governing Third-Party Risk Management (TPRM) for AI vendors, including concentration thresholds, contractual SLAs, sub-processor mapping, and exit strategies."
AR_ISO_18,"Question Group 012: Authoring public-facing transparency notices, UX safeguards, and plain-language model limitations."
AR_ISO_19,"Question Group 014: Executing structurally independent, cross-functional validation, formal challenge, and pre-deployment stress-testing of AI models."
AR_ISO_20,"Question Group 008: Governing the master AI system inventory, compliance records, version histories, and regulated record retention."
AR_ROI_01,"Question Group 006: Quantifying residual AI risk, maintaining dynamic risk dashboards, and formally integrating outcomes into Enterprise Risk Management (ERM) registers and corporate liability insurance."
AR_ROI_02,"Question Group 006: Quantifying residual AI risk, maintaining dynamic risk dashboards, and formally integrating outcomes into Enterprise Risk Management (ERM) registers and corporate liability insurance."
AR_ROI_03,"Question Group 015: Configuring continuous live monitoring for model drift, concept drift, reasoning drift, and automated business-logic anomalies (pricing, margin erosion)."
AR_ROI_04,"Question Group 013: Governing AI training pipelines to ensure cryptographic provenance, validate synthetic data, and manage schema drift."
AR_ROI_05,"Question Group 005: Defining formal intended use cases, establishing out-of-scope boundaries, and executing tiered, multidimensional AI Impact Assessments (AIIA) across the lifecycle."
AR_ROI_06,"Question Group 035: Executing AI FinOps, configuring granular token-based rate limiting, managing cloud compute cost circuit breakers, and enforcing global utilization quotas."
AR_ROI_07,"Question Group 047: Designing and mandating enterprise-wide AI literacy, policy awareness training, and role-specific competency assessments for internal employees and third-party contractors."
AR_ROI_08,"Question Group 003: Structuring the AI organization, governing personnel, RACI documentation, and chartering Board-level oversight."
AR_ROI_09,"Question Group 006: Quantifying residual AI risk, maintaining dynamic risk dashboards, and formally integrating outcomes into Enterprise Risk Management (ERM) registers and corporate liability insurance."
AR_ROI_10,"Question Group 013: Governing AI training pipelines to ensure cryptographic provenance, validate synthetic data, and manage schema drift."
AR_ROI_11,"Question Group 035: Executing AI FinOps, configuring granular token-based rate limiting, managing cloud compute cost circuit breakers, and enforcing global utilization quotas."
AR_ROI_12,"Question Group 005: Defining formal intended use cases, establishing out-of-scope boundaries, and executing tiered, multidimensional AI Impact Assessments (AIIA) across the lifecycle."
AR_ROI_13,"Question Group 015: Configuring continuous live monitoring for model drift, concept drift, reasoning drift, and automated business-logic anomalies (pricing, margin erosion)."
AR_ROI_14,"Question Group 007: Architecting secure MLOps pipelines, enforcing automated lifecycle stage-gates, and executing rigorous IT change management and release validation protocols."
AR_ROI_15,"Question Group 011: Conducting multi-jurisdictional regulatory horizon scanning, mapping cross-border legal obligations, and determining domain-specific compliance classifications (e.g., Medical Devices)."
AR_ROI_16,"Question Group 007: Architecting secure MLOps pipelines, enforcing automated lifecycle stage-gates, and executing rigorous IT change management and release validation protocols."
AR_ROI_17,"Question Group 047: Designing and mandating enterprise-wide AI literacy, policy awareness training, and role-specific competency assessments for internal employees and third-party contractors."
AR_ROI_18,"Question Group 006: Quantifying residual AI risk, maintaining dynamic risk dashboards, and formally integrating outcomes into Enterprise Risk Management (ERM) registers and corporate liability insurance."
AR_ROI_19,"Question Group 005: Defining formal intended use cases, establishing out-of-scope boundaries, and executing tiered, multidimensional AI Impact Assessments (AIIA) across the lifecycle."
AR_ROI_20,"Question Group 047: Designing and mandating enterprise-wide AI literacy, policy awareness training, and role-specific competency assessments for internal employees and third-party contractors."
AR_ROI_21,"Question Group 006: Quantifying residual AI risk, maintaining dynamic risk dashboards, and formally integrating outcomes into Enterprise Risk Management (ERM) registers and corporate liability insurance."
AR_ROI_22,"Question Group 014: Executing structurally independent, cross-functional validation, formal challenge, and pre-deployment stress-testing of AI models."
AR_ROI_23,"Question Group 015: Configuring continuous live monitoring for model drift, concept drift, reasoning drift, and automated business-logic anomalies (pricing, margin erosion)."
AR_ROI_24,"Question Group 019: Governing data privacy policies, explicit user consent, and the execution of Data Subject Rights (DSR)."
AR_ROI_25,"Question Group 006: Quantifying residual AI risk, maintaining dynamic risk dashboards, and formally integrating outcomes into Enterprise Risk Management (ERM) registers and corporate liability insurance."
AR_PSYCH_01,"Question Group 005: Defining formal intended use cases, establishing out-of-scope boundaries, and executing tiered, multidimensional AI Impact Assessments (AIIA) across the lifecycle."
AR_PSYCH_02,"Question Group 005: Defining formal intended use cases, establishing out-of-scope boundaries, and executing tiered, multidimensional AI Impact Assessments (AIIA) across the lifecycle."
AR_PSYCH_03,"Question Group 014: Executing structurally independent, cross-functional validation, formal challenge, and pre-deployment stress-testing of AI models."
AR_PSYCH_04,"Question Group 015: Configuring continuous live monitoring for model drift, concept drift, reasoning drift, and automated business-logic anomalies (pricing, margin erosion)."
AR_PSYCH_05,"Question Group 019: Governing data privacy policies, explicit user consent, and the execution of Data Subject Rights (DSR)."
AR_COGDEC_01,"Question Group 047: Designing and mandating enterprise-wide AI literacy, policy awareness training, and role-specific competency assessments for internal employees and third-party contractors."
AR_COGDEC_02,"Question Group 047: Designing and mandating enterprise-wide AI literacy, policy awareness training, and role-specific competency assessments for internal employees and third-party contractors."
AR_COGDEC_03,"Question Group 015: Configuring continuous live monitoring for model drift, concept drift, reasoning drift, and automated business-logic anomalies (pricing, margin erosion)."
AR_COGDEC_04,"Question Group 009: Architecting Human-in-the-Loop (HITL), Human-on-the-Loop (HOTL), and Human-in-Command (HIC) mechanisms across automated and semi-automated AI decision pipelines."
AR_COGDEC_05,"Question Group 047: Designing and mandating enterprise-wide AI literacy, policy awareness training, and role-specific competency assessments for internal employees and third-party contractors."
AR_MOTIV_01,"Question Group 047: Designing and mandating enterprise-wide AI literacy, policy awareness training, and role-specific competency assessments for internal employees and third-party contractors."
AR_MOTIV_02,"Question Group 047: Designing and mandating enterprise-wide AI literacy, policy awareness training, and role-specific competency assessments for internal employees and third-party contractors."
AR_MOTIV_03,"Question Group 009: Architecting Human-in-the-Loop (HITL), Human-on-the-Loop (HOTL), and Human-in-Command (HIC) mechanisms across automated and semi-automated AI decision pipelines."
AR_MOTIV_04,"Question Group 015: Configuring continuous live monitoring for model drift, concept drift, reasoning drift, and automated business-logic anomalies (pricing, margin erosion)."
AR_MOTIV_05,"Question Group 015: Configuring continuous live monitoring for model drift, concept drift, reasoning drift, and automated business-logic anomalies (pricing, margin erosion)."
AR_MOTIV_06,"Question Group 047: Designing and mandating enterprise-wide AI literacy, policy awareness training, and role-specific competency assessments for internal employees and third-party contractors."
AR_MOTIV_07,"Question Group 015: Configuring continuous live monitoring for model drift, concept drift, reasoning drift, and automated business-logic anomalies (pricing, margin erosion)."
AR_MOTIV_08,"Question Group 047: Designing and mandating enterprise-wide AI literacy, policy awareness training, and role-specific competency assessments for internal employees and third-party contractors."
AR_MOTIV_09,"Question Group 047: Designing and mandating enterprise-wide AI literacy, policy awareness training, and role-specific competency assessments for internal employees and third-party contractors."
AR_MOTIV_10,"Question Group 047: Designing and mandating enterprise-wide AI literacy, policy awareness training, and role-specific competency assessments for internal employees and third-party contractors."
AR_DEPR_01,"Question Group 047: Designing and mandating enterprise-wide AI literacy, policy awareness training, and role-specific competency assessments for internal employees and third-party contractors."
AR_DEPR_02,"Question Group 015: Configuring continuous live monitoring for model drift, concept drift, reasoning drift, and automated business-logic anomalies (pricing, margin erosion)."
AR_DEPR_03,"Question Group 047: Designing and mandating enterprise-wide AI literacy, policy awareness training, and role-specific competency assessments for internal employees and third-party contractors."
AR_DEPR_04,"Question Group 005: Defining formal intended use cases, establishing out-of-scope boundaries, and executing tiered, multidimensional AI Impact Assessments (AIIA) across the lifecycle."
AR_DEPR_05,"Question Group 022: Executing AI software incident playbooks, severity escalations, and mandatory regulatory reporting."
AR_DEPEND_01,"Question Group 047: Designing and mandating enterprise-wide AI literacy, policy awareness training, and role-specific competency assessments for internal employees and third-party contractors."
AR_DEPEND_02,"Question Group 022: Executing AI software incident playbooks, severity escalations, and mandatory regulatory reporting."
AR_DEPEND_03,"Question Group 015: Configuring continuous live monitoring for model drift, concept drift, reasoning drift, and automated business-logic anomalies (pricing, margin erosion)."
AR_DEPEND_04,"Question Group 009: Architecting Human-in-the-Loop (HITL), Human-on-the-Loop (HOTL), and Human-in-Command (HIC) mechanisms across automated and semi-automated AI decision pipelines."
AR_DEPEND_05,"Question Group 047: Designing and mandating enterprise-wide AI literacy, policy awareness training, and role-specific competency assessments for internal employees and third-party contractors."
AR_HIRE_01,"Question Group 047: Designing and mandating enterprise-wide AI literacy, policy awareness training, and role-specific competency assessments for internal employees and third-party contractors."
AR_HIRE_02,"Question Group 047: Designing and mandating enterprise-wide AI literacy, policy awareness training, and role-specific competency assessments for internal employees and third-party contractors."
AR_HIRE_03,"Question Group 047: Designing and mandating enterprise-wide AI literacy, policy awareness training, and role-specific competency assessments for internal employees and third-party contractors."
AR_HIRE_04,"Question Group 047: Designing and mandating enterprise-wide AI literacy, policy awareness training, and role-specific competency assessments for internal employees and third-party contractors."
AR_HIRE_05,"Question Group 047: Designing and mandating enterprise-wide AI literacy, policy awareness training, and role-specific competency assessments for internal employees and third-party contractors."
AR_CAREER_01,"Question Group 047: Designing and mandating enterprise-wide AI literacy, policy awareness training, and role-specific competency assessments for internal employees and third-party contractors."
AR_CAREER_02,"Question Group 006: Quantifying residual AI risk, maintaining dynamic risk dashboards, and formally integrating outcomes into Enterprise Risk Management (ERM) registers and corporate liability insurance."
AR_CAREER_03,"Question Group 047: Designing and mandating enterprise-wide AI literacy, policy awareness training, and role-specific competency assessments for internal employees and third-party contractors."
AR_CAREER_04,"Question Group 047: Designing and mandating enterprise-wide AI literacy, policy awareness training, and role-specific competency assessments for internal employees and third-party contractors."
AR_CAREER_05,"Question Group 047: Designing and mandating enterprise-wide AI literacy, policy awareness training, and role-specific competency assessments for internal employees and third-party contractors."
AR_PROCESS_01,"Question Group 007: Architecting secure MLOps pipelines, enforcing automated lifecycle stage-gates, and executing rigorous IT change management and release validation protocols."
AR_PROCESS_02,"Question Group 009: Architecting Human-in-the-Loop (HITL), Human-on-the-Loop (HOTL), and Human-in-Command (HIC) mechanisms across automated and semi-automated AI decision pipelines."
AR_PROCESS_03,"Question Group 022: Executing AI software incident playbooks, severity escalations, and mandatory regulatory reporting."
AR_PROCESS_04,"Question Group 014: Executing structurally independent, cross-functional validation, formal challenge, and pre-deployment stress-testing of AI models."
AR_PROCESS_05,"Question Group 007: Architecting secure MLOps pipelines, enforcing automated lifecycle stage-gates, and executing rigorous IT change management and release validation protocols."
AR_PROCESS_06,"Question Group 008: Governing the master AI system inventory, compliance records, version histories, and regulated record retention."
AR_PROCESS_07,"Question Group 007: Architecting secure MLOps pipelines, enforcing automated lifecycle stage-gates, and executing rigorous IT change management and release validation protocols."
AR_PROCESS_08,"Question Group 008: Governing the master AI system inventory, compliance records, version histories, and regulated record retention."
AR_PROCESS_09,"Question Group 015: Configuring continuous live monitoring for model drift, concept drift, reasoning drift, and automated business-logic anomalies (pricing, margin erosion)."
AR_PROCESS_10,"Question Group 015: Configuring continuous live monitoring for model drift, concept drift, reasoning drift, and automated business-logic anomalies (pricing, margin erosion)."
AR_INST_01,"Question Group 008: Governing the master AI system inventory, compliance records, version histories, and regulated record retention."
AR_INST_02,"Question Group 011: Conducting third-party AI vendor risk assessments, validating security certifications, and enforcing contractual AI governance obligations."
AR_INST_03,"Question Group 008: Governing the master AI system inventory, compliance records, version histories, and regulated record retention."
AR_INST_04,"Question Group 022: Executing AI software incident playbooks, severity escalations, and mandatory regulatory reporting."
AR_INST_05,"Question Group 006: Quantifying residual AI risk, maintaining dynamic risk dashboards, and formally integrating outcomes into Enterprise Risk Management (ERM) registers and corporate liability insurance."
AR_DEPEND3RD_01,"Question Group 011: Conducting third-party AI vendor risk assessments, validating security certifications, and enforcing contractual AI governance obligations."
AR_DEPEND3RD_02,"Question Group 011: Conducting third-party AI vendor risk assessments, validating security certifications, and enforcing contractual AI governance obligations."
AR_DEPEND3RD_03,"Question Group 011: Conducting third-party AI vendor risk assessments, validating security certifications, and enforcing contractual AI governance obligations."
AR_DEPEND3RD_04,"Question Group 011: Conducting third-party AI vendor risk assessments, validating security certifications, and enforcing contractual AI governance obligations."
AR_DEPEND3RD_05,"Question Group 022: Executing AI software incident playbooks, severity escalations, and mandatory regulatory reporting."
AR_FOREIGN_01,"Question Group 011: Conducting third-party AI vendor risk assessments, validating security certifications, and enforcing contractual AI governance obligations."
AR_FOREIGN_02,"Question Group 019: Defining privacy-by-design principles, lawful basis determinations, and user consent mechanisms for personal data collection and AI-driven profiling."
AR_FOREIGN_03,"Question Group 022: Executing AI software incident playbooks, severity escalations, and mandatory regulatory reporting."
AR_FOREIGN_04,"Question Group 006: Quantifying residual AI risk, maintaining dynamic risk dashboards, and formally integrating outcomes into Enterprise Risk Management (ERM) registers and corporate liability insurance."
AR_FOREIGN_05,"Question Group 011: Conducting third-party AI vendor risk assessments, validating security certifications, and enforcing contractual AI governance obligations."
